BEGIN;
INSERT INTO topics (id, name) VALUES (1, 'Business Entry');
INSERT INTO pillars (id, name, pillar_id) VALUES (1, 'Quality of Regulations', 1);
INSERT INTO pillars (id, name, pillar_id) VALUES (2, 'Digital Public Services and Transparency', 2);
INSERT INTO pillars (id, name, pillar_id) VALUES (3, 'Operational Efficiency', 3);
INSERT INTO topic_pillars (topic_id, pillar_id) VALUES (1, 1);
INSERT INTO topic_pillars (topic_id, pillar_id) VALUES (1, 2);
INSERT INTO topic_pillars (topic_id, pillar_id) VALUES (1, 3);
INSERT INTO categories (id, name, pillar_id) VALUES ('1.1', 'Information and Procedural Standards', 1);
INSERT INTO categories (id, name, pillar_id) VALUES ('1.2', 'Restrictions on Registering a Business', 1);
INSERT INTO categories (id, name, pillar_id) VALUES ('2.1', 'Digital Services', 2);
INSERT INTO categories (id, name, pillar_id) VALUES ('2.2', 'Interoperability of Services', 2);
INSERT INTO categories (id, name, pillar_id) VALUES ('2.3', 'Transparency of Online Information', 2);
INSERT INTO categories (id, name, pillar_id) VALUES ('3.1', 'Domestic Firms', 3);
INSERT INTO categories (id, name, pillar_id) VALUES ('3.2', 'Foreign Firms', 3);
INSERT INTO subcategories (id, name, category_id) VALUES ('1.1.1', 'Company Information Filing Requirements', '1.1');
INSERT INTO subcategories (id, name, category_id) VALUES ('1.1.2', 'Beneficial Ownership Filing Requirements', '1.1');
INSERT INTO subcategories (id, name, category_id) VALUES ('1.1.3', 'Availability of Simplified Registration', '1.1');
INSERT INTO subcategories (id, name, category_id) VALUES ('1.1.4', 'Risk-Based Assessment for Operating Business and Environmental Licenses', '1.1');
INSERT INTO subcategories (id, name, category_id) VALUES ('1.2.1', 'Domestic Firms', '1.2');
INSERT INTO subcategories (id, name, category_id) VALUES ('1.2.2', 'Foreign Firms', '1.2');
INSERT INTO subcategories (id, name, category_id) VALUES ('2.1.1', 'Business Start-Up Process', '2.1');
INSERT INTO subcategories (id, name, category_id) VALUES ('2.1.2', 'Storage of Company and Beneficial Ownership Information', '2.1');
INSERT INTO subcategories (id, name, category_id) VALUES ('2.1.3', 'Identity Verification', '2.1');
INSERT INTO subcategories (id, name, category_id) VALUES ('2.2.1', 'Exchange of Company Information', '2.2');
INSERT INTO subcategories (id, name, category_id) VALUES ('2.2.2', 'Unique Business Identification', '2.2');
INSERT INTO subcategories (id, name, category_id) VALUES ('2.3.1', 'Business Start-Up (includes gender and environment)', '2.3');
INSERT INTO subcategories (id, name, category_id) VALUES ('2.3.2', 'Availability of General Company Information', '2.3');
INSERT INTO subcategories (id, name, category_id) VALUES ('2.3.3', 'General and Sex-Disaggregated Statistics on Newly Registered Firms', '2.3');
INSERT INTO subcategories (id, name, category_id) VALUES ('3.1.1', 'Bank Account Opening Process', '3.1');
INSERT INTO subcategories (id, name, category_id) VALUES ('3.1.2', 'Total Cost to Register a New Domestic Firm', '3.1');
INSERT INTO subcategories (id, name, category_id) VALUES ('3.2.1', 'Additional Steps for Foreign Firms', '3.2');
INSERT INTO subcategories (id, name, category_id) VALUES ('3.2.2', 'Total Cost to Register a New Foreign Firm', '3.2');
INSERT INTO b_ready_questions (question_id, question_text, indicator_name, is_scored, good_practice_answer, ffp_value, sbp_value, group_logic, subcategory_id, saudi_entity_responsible) VALUES (1, 'Does the legislation require entrepreneurs to have the company name approved by the business registry or by another corresponding public authority in order to register a new business?', 'Mandatory to Have the Company Name Approved', TRUE, 'Y', 0, 0.5, 'AND', '1.1.1', NULL);
INSERT INTO b_ready_questions (question_id, question_text, indicator_name, is_scored, good_practice_answer, ffp_value, sbp_value, group_logic, subcategory_id, saudi_entity_responsible) VALUES (2, 'Does the legislation provide specific rules for rejecting proposed company names by the business registry or by another corresponding public authority?', 'Mandatory to Have the Company Name Approved', TRUE, 'Y', 0, 0.5, 'AND', '1.1.1', NULL);
INSERT INTO b_ready_questions (question_id, question_text, indicator_name, is_scored, good_practice_answer, ffp_value, sbp_value, group_logic, subcategory_id, saudi_entity_responsible) VALUES (3, 'Does the legislation require registering changes to the company name at the business registry or another corresponding public authority?', 'Mandatory to Register Changes to the Company Name', TRUE, 'Y', 0, 1, NULL, '1.1.1', NULL);
INSERT INTO b_ready_questions (question_id, question_text, indicator_name, is_scored, good_practice_answer, ffp_value, sbp_value, group_logic, subcategory_id, saudi_entity_responsible) VALUES (4, 'Does the legislation require verifying the identity of the entrepreneurs willing to start a new company?', 'Mandatory to Verify the Identity of Entrepreneurs', TRUE, 'Y', 0, 1, NULL, '1.1.1', NULL);
INSERT INTO b_ready_questions (question_id, question_text, indicator_name, is_scored, good_practice_answer, ffp_value, sbp_value, group_logic, subcategory_id, saudi_entity_responsible) VALUES (5, 'Does the legislation require registration of shareholders details at the business registry or at another corresponding public authority?', 'Mandatory to Register Shareholders'' Information', TRUE, 'Y', 0, 1, NULL, '1.1.1', NULL);
INSERT INTO b_ready_questions (question_id, question_text, indicator_name, is_scored, good_practice_answer, ffp_value, sbp_value, group_logic, subcategory_id, saudi_entity_responsible) VALUES (6, 'Does the legislation require registering changes to the shareholders’ details at the business registry or another corresponding public authority?', 'Mandatory to Register Changes to the Shareholders'' Information', TRUE, 'Y', 0, 1, NULL, '1.1.1', NULL);
INSERT INTO b_ready_questions (question_id, question_text, indicator_name, is_scored, good_practice_answer, ffp_value, sbp_value, group_logic, subcategory_id, saudi_entity_responsible) VALUES (7, 'Does the legislation require companies to file annual financial accounts or statements at the business registry or at another corresponding public authority?', 'Mandatory to File Annual Returns/Financial Statements', TRUE, 'Y', 0, 1, NULL, '1.1.1', NULL);
INSERT INTO b_ready_questions (question_id, question_text, indicator_name, is_scored, good_practice_answer, ffp_value, sbp_value, group_logic, subcategory_id, saudi_entity_responsible) VALUES (8, 'Does the legislation require registering changes in the articles of association at the business registry or at another corresponding public authority?', 'Mandatory to Register Changes in the Articles of Association', TRUE, 'Y', 0, 1, NULL, '1.1.1', NULL);
INSERT INTO b_ready_questions (question_id, question_text, indicator_name, is_scored, good_practice_answer, ffp_value, sbp_value, group_logic, subcategory_id, saudi_entity_responsible) VALUES (9, 'Does the legislation require new limited liability companies to register beneficial ownership information with a public authority?', 'Mandatory to Register Beneficial Owners'' Information', TRUE, 'Y', 0, 1, NULL, '1.1.2', NULL);
INSERT INTO b_ready_questions (question_id, question_text, indicator_name, is_scored, good_practice_answer, ffp_value, sbp_value, group_logic, subcategory_id, saudi_entity_responsible) VALUES (10, 'Does the legislation require companies to register the following type of information about beneficial owners? Full name', 'Mandatory Type of Information Required for Beneficial Owners', TRUE, 'Y', 0, 0.25, 'AND', '1.1.2', NULL);
INSERT INTO b_ready_questions (question_id, question_text, indicator_name, is_scored, good_practice_answer, ffp_value, sbp_value, group_logic, subcategory_id, saudi_entity_responsible) VALUES (11, 'Does the legislation require companies to register the following type of information about beneficial owners? Identification number and information', 'Mandatory Type of Information Required for Beneficial Owners', TRUE, 'Y', 0, 0.25, 'AND', '1.1.2', NULL);
INSERT INTO b_ready_questions (question_id, question_text, indicator_name, is_scored, good_practice_answer, ffp_value, sbp_value, group_logic, subcategory_id, saudi_entity_responsible) VALUES (12, 'Does the legislation require companies to register the following type of information about beneficial owners? Date of birth', 'Mandatory Type of Information Required for Beneficial Owners', TRUE, 'Y', 0, 0.25, 'AND', '1.1.2', NULL);
INSERT INTO b_ready_questions (question_id, question_text, indicator_name, is_scored, good_practice_answer, ffp_value, sbp_value, group_logic, subcategory_id, saudi_entity_responsible) VALUES (13, 'Does the legislation require companies to register the following type of information about beneficial owners? Address', 'Mandatory Type of Information Required for Beneficial Owners', TRUE, 'Y', 0, 0.25, 'AND', '1.1.2', NULL);
INSERT INTO b_ready_questions (question_id, question_text, indicator_name, is_scored, good_practice_answer, ffp_value, sbp_value, group_logic, subcategory_id, saudi_entity_responsible) VALUES (14, 'Does the legislation specify a time limit for registering the required beneficial owner information in the case of a newly registered limited liability company?', 'Mandatory Time Limit to Register Beneficial Owners'' Information', TRUE, 'Y', 0, 1, NULL, '1.1.2', NULL);
INSERT INTO b_ready_questions (question_id, question_text, indicator_name, is_scored, good_practice_answer, ffp_value, sbp_value, group_logic, subcategory_id, saudi_entity_responsible) VALUES (15, 'Does the legislation require verifying the identity of beneficial owners during the registration with a public authority?', 'Mandatory to Verify Beneficial Owners'' Identity', TRUE, 'Y', 0, 1, NULL, '1.1.2', NULL);
INSERT INTO b_ready_questions (question_id, question_text, indicator_name, is_scored, good_practice_answer, ffp_value, sbp_value, group_logic, subcategory_id, saudi_entity_responsible) VALUES (16, 'Does the legislation require registering changes to beneficial ownership information with a public authority?', 'Mandatory to Register Changes to the Beneficial Ownership Information', TRUE, 'Y', 0, 1, NULL, '1.1.2', NULL);
INSERT INTO b_ready_questions (question_id, question_text, indicator_name, is_scored, good_practice_answer, ffp_value, sbp_value, group_logic, subcategory_id, saudi_entity_responsible) VALUES (17, 'Does the legislation allow nominee shareholders and/or directors?', 'Prohibition or Mandatory to Register Nominee Shareholders and Directors', TRUE, 'N', 0, 1, 'OR', '1.1.2', NULL);
INSERT INTO b_ready_questions (question_id, question_text, indicator_name, is_scored, good_practice_answer, ffp_value, sbp_value, group_logic, subcategory_id, saudi_entity_responsible) VALUES (18, 'Does the legislation require registering their status as nominee shareholders and/or directors with a public authority?', 'Prohibition or Mandatory to Register Nominee Shareholders and Directors', TRUE, 'Y', 0, 1, 'OR', '1.1.2', NULL);
INSERT INTO b_ready_questions (question_id, question_text, indicator_name, is_scored, good_practice_answer, ffp_value, sbp_value, group_logic, subcategory_id, saudi_entity_responsible) VALUES (19, 'Does the legislation allow entrepreneurs to register a limited liability company by themselves, using a simple standard registration form without the mandatory use of third-party intermediaries?', 'Simple Registration Form Without the Use of Intermediaries', TRUE, 'Y', 0, 1, NULL, '1.1.3', NULL);
INSERT INTO b_ready_questions (question_id, question_text, indicator_name, is_scored, good_practice_answer, ffp_value, sbp_value, group_logic, subcategory_id, saudi_entity_responsible) VALUES (20, 'Does the legislation allow the use of such simple standard registration forms for all entrepreneurs and limited liability companies performing general commercial or industry activities – regardless of the size of the company, country of origin of the founders, etc. – to register a company by themselves without the mandatory use of third-party intermediaries?', 'Simple Registration Form for All Entrepreneurs', TRUE, 'Y', 0, 1, NULL, '1.1.3', NULL);
INSERT INTO b_ready_questions (question_id, question_text, indicator_name, is_scored, good_practice_answer, ffp_value, sbp_value, group_logic, subcategory_id, saudi_entity_responsible) VALUES (21, 'Does the legislation allow entrepreneurs to make updates to company statutory information by themselves (e.g., through online forms for updates), without the mandatory use of third-party intermediaries?', 'Changes without the Use of Intermediaries', TRUE, 'Y', 0, 0.5, 'AND', '1.1.3', NULL);
INSERT INTO b_ready_questions (question_id, question_text, indicator_name, is_scored, good_practice_answer, ffp_value, sbp_value, group_logic, subcategory_id, saudi_entity_responsible) VALUES (22, 'Does the legislation allow all entrepreneurs and limited liability companies performing general commercial or industry activity - regardless of the size of the company, country of origin of the founders, etc. - to make updates to company statutory information by themselves, without the mandatory use of third-party intermediaries?', 'Changes without the Use of Intermediaries', TRUE, 'Y', 0, 0.5, 'AND', '1.1.3', NULL);
INSERT INTO b_ready_questions (question_id, question_text, indicator_name, is_scored, good_practice_answer, ffp_value, sbp_value, group_logic, subcategory_id, saudi_entity_responsible) VALUES (23, 'Does the legislation provide for different business operating licensing requirements depending on the level of risk of the company operations?', 'Risk-Based Regulations for Business Licensing', TRUE, 'Y', 1, 1, NULL, '1.1.4', NULL);
INSERT INTO b_ready_questions (question_id, question_text, indicator_name, is_scored, good_practice_answer, ffp_value, sbp_value, group_logic, subcategory_id, saudi_entity_responsible) VALUES (24, 'Does the legislation provide for different environmental operating licensing requirements depending on the level of risk of the company?', 'Risk-Based Regulations for Environmental Licensing', TRUE, 'Y', 1, 1, NULL, '1.1.4', NULL);
INSERT INTO b_ready_questions (question_id, question_text, indicator_name, is_scored, good_practice_answer, ffp_value, sbp_value, group_logic, subcategory_id, saudi_entity_responsible) VALUES (25, 'Does the legislation require a mandated paid-in minimum capital for private limited liability companies owned by domestic entrepreneurs?', 'Paid-in Minimum Capital Requirements for Domestic Firms', TRUE, 'N', 1, 0, NULL, '1.2.1', NULL);
INSERT INTO b_ready_questions (question_id, question_text, indicator_name, is_scored, good_practice_answer, ffp_value, sbp_value, group_logic, subcategory_id, saudi_entity_responsible) VALUES (26, 'Does the legislation require domestic entrepreneurs to pay the entirety of the mandated paid-in minimum capital for private limited liability companies prior to registration?', 'Entirety of Paid-in Minimum Capital Prior to Registration of Domestic Firms', TRUE, 'N', 1, 0, NULL, '1.2.1', NULL);
INSERT INTO b_ready_questions (question_id, question_text, indicator_name, is_scored, good_practice_answer, ffp_value, sbp_value, group_logic, subcategory_id, saudi_entity_responsible) VALUES (27, 'Does the legislation require any minimum education or training for an entrepreneur to register a limited liability company and begin general business operations?', 'Minimum Education or Training', TRUE, 'N', 1, 0, NULL, '1.2.1', NULL);
INSERT INTO b_ready_questions (question_id, question_text, indicator_name, is_scored, good_practice_answer, ffp_value, sbp_value, group_logic, subcategory_id, saudi_entity_responsible) VALUES (28, 'Does the legislation require criminal history records or affidavits from an entrepreneur to register a limited liability company and begin general business operations?', 'Criminal History Records or Affidavits', TRUE, 'N', 1, 0, NULL, '1.2.1', NULL);
INSERT INTO b_ready_questions (question_id, question_text, indicator_name, is_scored, good_practice_answer, ffp_value, sbp_value, group_logic, subcategory_id, saudi_entity_responsible) VALUES (29, 'Does the legislation require approval of business plan, feasibility plan, or financial plan for an entrepreneur to register a limited liability company and begin general business operations?', 'Approval of Business Plan, Feasibility Plan, or Financial Plan', TRUE, 'N', 1, 0, NULL, '1.2.1', NULL);
INSERT INTO b_ready_questions (question_id, question_text, indicator_name, is_scored, good_practice_answer, ffp_value, sbp_value, group_logic, subcategory_id, saudi_entity_responsible) VALUES (30, 'Does the legislation require a general business operating license to be obtained for an entrepreneur to register a limited liability company and begin general business operations?', 'General Operating License', TRUE, 'N', 1, 0, NULL, '1.2.1', NULL);
INSERT INTO b_ready_questions (question_id, question_text, indicator_name, is_scored, good_practice_answer, ffp_value, sbp_value, group_logic, subcategory_id, saudi_entity_responsible) VALUES (31, 'Does the legislation mandate specific requirements for domestic entrepreneurs from different sociodemographic groups (e.g., ethnicity/race, gender, migration status, religious affiliation) who wish to register a company?', 'Sociodemographic Restrictions for Domestic Entrepreneurs', TRUE, 'N', 0.5, 0.5, 'AND', '1.2.1', NULL);
INSERT INTO b_ready_questions (question_id, question_text, indicator_name, is_scored, good_practice_answer, ffp_value, sbp_value, group_logic, subcategory_id, saudi_entity_responsible) VALUES (32, 'Does the legislation mandate specific requirements for domestic entrepreneurs from different sociodemographic groups (e.g., ethnicity/race, gender, migration status, religious affiliation) who wish to open a bank account?', 'Sociodemographic Restrictions for Domestic Entrepreneurs', TRUE, 'N', 0.5, 0.5, 'AND', '1.2.1', NULL);
INSERT INTO b_ready_questions (question_id, question_text, indicator_name, is_scored, good_practice_answer, ffp_value, sbp_value, group_logic, subcategory_id, saudi_entity_responsible) VALUES (33, 'Does the legislation limit full private domestic participation/equity ownership in any business sector?', 'Sector-Specific Restrictions for Domestic Entrepreneurs', TRUE, 'N', 1, 0, NULL, '1.2.1', NULL);
INSERT INTO b_ready_questions (question_id, question_text, indicator_name, is_scored, good_practice_answer, ffp_value, sbp_value, group_logic, subcategory_id, saudi_entity_responsible) VALUES (34, 'Does the legislation require a mandated paid-in minimum capital requirement for foreign private limited liability companies owned by foreign entrepreneurs?', 'Paid-in Minimum Capital Requirements for Foreign Firms', TRUE, 'N', 1, 0, NULL, '1.2.2', NULL);
INSERT INTO b_ready_questions (question_id, question_text, indicator_name, is_scored, good_practice_answer, ffp_value, sbp_value, group_logic, subcategory_id, saudi_entity_responsible) VALUES (35, 'Does the legislation require foreign entrepreneurs to pay the entirety of the mandated paid-in minimum capital for private limited liability companies prior to registration?', 'Entirety of Paid-in Minimum Capital Prior to Registration of Foreign Firms', TRUE, 'N', 1, 0, NULL, '1.2.2', NULL);
INSERT INTO b_ready_questions (question_id, question_text, indicator_name, is_scored, good_practice_answer, ffp_value, sbp_value, group_logic, subcategory_id, saudi_entity_responsible) VALUES (36, 'Does the legislation impose limitations on the proportion of shares that can be held in a company for foreign entrepreneurs?', 'Ownership and Participation Restrictions', TRUE, 'N', 0.5, 0, 'PARTIAL', '1.2.2', NULL);
INSERT INTO b_ready_questions (question_id, question_text, indicator_name, is_scored, good_practice_answer, ffp_value, sbp_value, group_logic, subcategory_id, saudi_entity_responsible) VALUES (37, 'Does the legislation impose limitations on the number of joint ventures for foreign entrepreneurs?', 'Ownership and Participation Restrictions', TRUE, 'N', 0.5, 0, 'PARTIAL', '1.2.2', NULL);
INSERT INTO b_ready_questions (question_id, question_text, indicator_name, is_scored, good_practice_answer, ffp_value, sbp_value, group_logic, subcategory_id, saudi_entity_responsible) VALUES (38, 'Does the legislation require investment screening or approval by government authority for foreign entrepreneurs, different from domestic entrepreneurs?', 'Screening and Approval Requirements', TRUE, 'N', 0.5, 0, 'PARTIAL', '1.2.2', NULL);
INSERT INTO b_ready_questions (question_id, question_text, indicator_name, is_scored, good_practice_answer, ffp_value, sbp_value, group_logic, subcategory_id, saudi_entity_responsible) VALUES (39, 'Does the legislation require minimum size of investment for foreign entrepreneurs, different from the threshold for domestic entrepreneurs?', 'Screening and Approval Requirements', TRUE, 'N', 0.5, 0, 'PARTIAL', '1.2.2', NULL);
INSERT INTO b_ready_questions (question_id, question_text, indicator_name, is_scored, good_practice_answer, ffp_value, sbp_value, group_logic, subcategory_id, saudi_entity_responsible) VALUES (40, 'Does the legislation have any requirement about the nationality of the management for companies owned by foreign entrepreneurs?', 'Restrictions on the Nationality of Key Personnel and Directors', TRUE, 'N', 0.5, 0, 'PARTIAL', '1.2.2', NULL);
INSERT INTO b_ready_questions (question_id, question_text, indicator_name, is_scored, good_practice_answer, ffp_value, sbp_value, group_logic, subcategory_id, saudi_entity_responsible) VALUES (41, 'Does the legislation have any requirement about the nationality of the board members for companies owned by foreign entrepreneurs?', 'Restrictions on the Nationality of Key Personnel and Directors', TRUE, 'N', 0.5, 0, 'PARTIAL', '1.2.2', NULL);
INSERT INTO b_ready_questions (question_id, question_text, indicator_name, is_scored, good_practice_answer, ffp_value, sbp_value, group_logic, subcategory_id, saudi_entity_responsible) VALUES (42, 'Does the legislation impose restrictions on hiring foreign nationals?', 'Restrictions on Employment of Foreign and Local Personnel', TRUE, 'N', 0.5, 0, 'PARTIAL', '1.2.2', NULL);
INSERT INTO b_ready_questions (question_id, question_text, indicator_name, is_scored, good_practice_answer, ffp_value, sbp_value, group_logic, subcategory_id, saudi_entity_responsible) VALUES (43, 'Does the legislation require minimum number or percentage of national employees?', 'Restrictions on Employment of Foreign and Local Personnel', TRUE, 'N', 0.5, 0, 'PARTIAL', '1.2.2', NULL);
INSERT INTO b_ready_questions (question_id, question_text, indicator_name, is_scored, good_practice_answer, ffp_value, sbp_value, group_logic, subcategory_id, saudi_entity_responsible) VALUES (44, 'Does the legislation require foreign entrepreneurs to have a local partner?', 'Local Engagement Requirements', TRUE, 'N', 0.5, 0, 'PARTIAL', '1.2.2', NULL);
INSERT INTO b_ready_questions (question_id, question_text, indicator_name, is_scored, good_practice_answer, ffp_value, sbp_value, group_logic, subcategory_id, saudi_entity_responsible) VALUES (45, 'Does the legislation impose local sourcing requirements for foreign entrepreneurs?', 'Local Engagement Requirements', TRUE, 'N', 0.5, 0, 'PARTIAL', '1.2.2', NULL);
INSERT INTO b_ready_questions (question_id, question_text, indicator_name, is_scored, good_practice_answer, ffp_value, sbp_value, group_logic, subcategory_id, saudi_entity_responsible) VALUES (46, 'Does the legislation impose limitations on dividend distribution for foreign entrepreneurs?', 'Financial Restrictions', TRUE, 'N', 0.5, 0, 'PARTIAL', '1.2.2', NULL);
INSERT INTO b_ready_questions (question_id, question_text, indicator_name, is_scored, good_practice_answer, ffp_value, sbp_value, group_logic, subcategory_id, saudi_entity_responsible) VALUES (47, 'Does the legislation impose restrictions on holding a foreign currency commercial bank account?', 'Financial Restrictions', TRUE, 'N', 0.5, 0, 'PARTIAL', '1.2.2', NULL);
INSERT INTO b_ready_questions (question_id, question_text, indicator_name, is_scored, good_practice_answer, ffp_value, sbp_value, group_logic, subcategory_id, saudi_entity_responsible) VALUES (48, 'Does the legislation limit full private foreign participation/equity ownership in any business sector?', 'Sector-Specific Restrictions for Foreign Entrepreneurs', TRUE, 'N', 1, 0, NULL, '1.2.2', NULL);
INSERT INTO b_ready_questions (question_id, question_text, indicator_name, is_scored, good_practice_answer, ffp_value, sbp_value, group_logic, subcategory_id, saudi_entity_responsible) VALUES (49, 'Does an electronic and automated system to verify the uniqueness and compliance of company names exist?', 'Electronic Company Name Verification', TRUE, 'Y', 1, 1, NULL, '2.1.1', NULL);
INSERT INTO b_ready_questions (question_id, question_text, indicator_name, is_scored, good_practice_answer, ffp_value, sbp_value, group_logic, subcategory_id, saudi_entity_responsible) VALUES (50, 'Does an electronic system that covers the entire company registration process from submitting the application to receiving the company documents exist?', 'Entirely Electronic Company Registration Process', TRUE, 'Y', 1, 1, NULL, '2.1.1', NULL);
INSERT INTO b_ready_questions (question_id, question_text, indicator_name, is_scored, good_practice_answer, ffp_value, sbp_value, group_logic, subcategory_id, saudi_entity_responsible) VALUES (51, 'Is there a fully electronic system for companies to update their company statutory information?', 'Electronic Update of Company Information', TRUE, 'Y', 1, 1, NULL, '2.1.1', NULL);
INSERT INTO b_ready_questions (question_id, question_text, indicator_name, is_scored, good_practice_answer, ffp_value, sbp_value, group_logic, subcategory_id, saudi_entity_responsible) VALUES (52, 'Does a fully electronic platform to register and update information on beneficial owners exist?', 'Electronic Registration and Update of Beneficial Ownership Information', TRUE, 'Y', 1, 1, NULL, '2.1.1', NULL);
INSERT INTO b_ready_questions (question_id, question_text, indicator_name, is_scored, good_practice_answer, ffp_value, sbp_value, group_logic, subcategory_id, saudi_entity_responsible) VALUES (53, 'Does an electronic payment option for all fees related to company incorporation exist?', 'Electronic Payment of Incorporation Fees', TRUE, 'Y', 1, 1, NULL, '2.1.1', NULL);
INSERT INTO b_ready_questions (question_id, question_text, indicator_name, is_scored, good_practice_answer, ffp_value, sbp_value, group_logic, subcategory_id, saudi_entity_responsible) VALUES (54, 'Does the business registry issue the certificate of company incorporation fully electronically?', 'Electronic Issuance of Company Incorporation Certificate', TRUE, 'Y', 1, 1, NULL, '2.1.1', NULL);
INSERT INTO b_ready_questions (question_id, question_text, indicator_name, is_scored, good_practice_answer, ffp_value, sbp_value, group_logic, subcategory_id, saudi_entity_responsible) VALUES (55, 'Does the business registry store all company registration records in digital form?', 'Company Information Records Digitally Stored', TRUE, 'Y', 1, 1, NULL, '2.1.2', NULL);
INSERT INTO b_ready_questions (question_id, question_text, indicator_name, is_scored, good_practice_answer, ffp_value, sbp_value, group_logic, subcategory_id, saudi_entity_responsible) VALUES (56, 'Is the publicly available company information database at the business registry fully electronic?', 'Database on Company Information', TRUE, 'Y', 0.33, 0.33, 'AND', '2.1.2', NULL);
INSERT INTO b_ready_questions (question_id, question_text, indicator_name, is_scored, good_practice_answer, ffp_value, sbp_value, group_logic, subcategory_id, saudi_entity_responsible) VALUES (57, 'Is the publicly available company information database at the business registry centralized with full national coverage?', 'Database on Company Information', TRUE, 'Y', 0.33, 0.33, 'AND', '2.1.2', NULL);
INSERT INTO b_ready_questions (question_id, question_text, indicator_name, is_scored, good_practice_answer, ffp_value, sbp_value, group_logic, subcategory_id, saudi_entity_responsible) VALUES (58, 'Does the publicly available company information database at the business registry cover all types of limited liability companies (i.e., regardless of the business activity, size of the company, country of origin of the founders, etc.)?', 'Database on Company Information', TRUE, 'Y', 0.34, 0.34, 'AND', '2.1.2', NULL);
INSERT INTO b_ready_questions (question_id, question_text, indicator_name, is_scored, good_practice_answer, ffp_value, sbp_value, group_logic, subcategory_id, saudi_entity_responsible) VALUES (59, 'Is the publicly available beneficial ownership database fully electronic?', 'Database on Beneficial Ownership', TRUE, 'Y', 0.33, 0.33, 'AND', '2.1.2', NULL);
INSERT INTO b_ready_questions (question_id, question_text, indicator_name, is_scored, good_practice_answer, ffp_value, sbp_value, group_logic, subcategory_id, saudi_entity_responsible) VALUES (60, 'Is the publicly available beneficial ownership database centralized with full national coverage?', 'Database on Beneficial Ownership', TRUE, 'Y', 0.33, 0.33, 'AND', '2.1.2', NULL);
INSERT INTO b_ready_questions (question_id, question_text, indicator_name, is_scored, good_practice_answer, ffp_value, sbp_value, group_logic, subcategory_id, saudi_entity_responsible) VALUES (61, 'Does the publicly available beneficial ownership database cover all types of limited liability companies (i.e., regardless of the business activity, size of the company, country of origin of the founders, etc.)?', 'Database on Beneficial Ownership', TRUE, 'Y', 0.34, 0.34, 'AND', '2.1.2', NULL);
INSERT INTO b_ready_questions (question_id, question_text, indicator_name, is_scored, good_practice_answer, ffp_value, sbp_value, group_logic, subcategory_id, saudi_entity_responsible) VALUES (62, 'Is an electronic signature or another electronic form of authentication identification available for online company registration?', 'Availability of Electronic Signature and Authentication', TRUE, 'Y', 1, 1, NULL, '2.1.3', NULL);
INSERT INTO b_ready_questions (question_id, question_text, indicator_name, is_scored, good_practice_answer, ffp_value, sbp_value, group_logic, subcategory_id, saudi_entity_responsible) VALUES (63, 'Is there an electronic and fully automated process to verify the identity of entrepreneurs at the moment of company registration?', 'Electronic Identity Verification Process', TRUE, 'Y', 0.5, 0.5, 'PARTIAL', '2.1.3', NULL);
INSERT INTO b_ready_questions (question_id, question_text, indicator_name, is_scored, good_practice_answer, ffp_value, sbp_value, group_logic, subcategory_id, saudi_entity_responsible) VALUES (64, 'Is there an electronic and fully automated process to verify the identity of beneficial owners during beneficial ownership registration?', 'Electronic Identity Verification Process', TRUE, 'Y', 0.5, 0.5, 'PARTIAL', '2.1.3', NULL);
INSERT INTO b_ready_questions (question_id, question_text, indicator_name, is_scored, good_practice_answer, ffp_value, sbp_value, group_logic, subcategory_id, saudi_entity_responsible) VALUES (65, 'Do key public authorities for business entry exchange company information (e.g., company name or address) automatically and electronically?', 'Exchange of Information among Public Sector Agencies', TRUE, 'Y', 1, 1, NULL, '2.2.1', NULL);
INSERT INTO b_ready_questions (question_id, question_text, indicator_name, is_scored, good_practice_answer, ffp_value, sbp_value, group_logic, subcategory_id, saudi_entity_responsible) VALUES (66, 'Are changes to company information (e.g., changes to company name or address) automatically updated for key public authorities for business entry?', 'Update of Company Information Fully Automated', TRUE, 'Y', 1, 1, NULL, '2.2.1', NULL);
INSERT INTO b_ready_questions (question_id, question_text, indicator_name, is_scored, good_practice_answer, ffp_value, sbp_value, group_logic, subcategory_id, saudi_entity_responsible) VALUES (67, 'Does the business registry or another corresponding public authority assign a Unique Business Identification number (UBI) for all companies?', 'Unique Business Identification Number Existence', TRUE, 'Y', 1, 1, NULL, '2.2.2', NULL);
INSERT INTO b_ready_questions (question_id, question_text, indicator_name, is_scored, good_practice_answer, ffp_value, sbp_value, group_logic, subcategory_id, saudi_entity_responsible) VALUES (68, 'Do key public authorities for business entry use the same UBI to identify individual businesses without issuing a separate identification number?', 'Unique Business Identification Number Used by Key Agencies', TRUE, 'Y', 1, 1, NULL, '2.2.2', NULL);
INSERT INTO b_ready_questions (question_id, question_text, indicator_name, is_scored, good_practice_answer, ffp_value, sbp_value, group_logic, subcategory_id, saudi_entity_responsible) VALUES (69, 'Is the list of documents required to incorporate a limited liability company available online for the general public?', 'Online Availability of the List of Documents', TRUE, 'Y', 1, 1, NULL, '2.3.1', NULL);
INSERT INTO b_ready_questions (question_id, question_text, indicator_name, is_scored, good_practice_answer, ffp_value, sbp_value, group_logic, subcategory_id, saudi_entity_responsible) VALUES (70, 'Is the list of all fees associated with company incorporation at the business registry available online for the general public?', 'Online Availability of the List of Fees', TRUE, 'Y', 1, 1, NULL, '2.3.1', NULL);
INSERT INTO b_ready_questions (question_id, question_text, indicator_name, is_scored, good_practice_answer, ffp_value, sbp_value, group_logic, subcategory_id, saudi_entity_responsible) VALUES (71, 'Are service standards for company incorporation at the business registry available online for the general public?', 'Online Availability of the Service Standards', TRUE, 'Y', 1, 1, NULL, '2.3.1', NULL);
INSERT INTO b_ready_questions (question_id, question_text, indicator_name, is_scored, good_practice_answer, ffp_value, sbp_value, group_logic, subcategory_id, saudi_entity_responsible) VALUES (72, 'Is there a publicly accessible online list detailing which business activities require environmental operating permits for business entry?', 'Online Availability of the Environmental-Related Requirements', TRUE, 'Y', 1, 1, NULL, '2.3.1', NULL);
INSERT INTO b_ready_questions (question_id, question_text, indicator_name, is_scored, good_practice_answer, ffp_value, sbp_value, group_logic, subcategory_id, saudi_entity_responsible) VALUES (73, 'Is information on publicly funded programs to support small and medium limited liability companies publicly available online?', 'Online Availability of the Information on Publicly Funded Programs to Support SMEs and Women Entrepreneurs', TRUE, 'Y', 0.5, 0.5, 'PARTIAL', '2.3.1', NULL);
INSERT INTO b_ready_questions (question_id, question_text, indicator_name, is_scored, good_practice_answer, ffp_value, sbp_value, group_logic, subcategory_id, saudi_entity_responsible) VALUES (74, 'Is information on publicly funded programs to support women-owned small and medium limited liability companies publicly available online?', 'Online Availability of the Information on Publicly Funded Programs to Support SMEs and Women Entrepreneurs', TRUE, 'Y', 0.5, 0.5, 'PARTIAL', '2.3.1', NULL);
INSERT INTO b_ready_questions (question_id, question_text, indicator_name, is_scored, good_practice_answer, ffp_value, sbp_value, group_logic, subcategory_id, saudi_entity_responsible) VALUES (75, 'Is electronic search available for company records at the business registry’s website?', 'Electronic Search Available for All Company Records', TRUE, 'Y', 1, 1, NULL, '2.3.2', NULL);
INSERT INTO b_ready_questions (question_id, question_text, indicator_name, is_scored, good_practice_answer, ffp_value, sbp_value, group_logic, subcategory_id, saudi_entity_responsible) VALUES (76, 'Is it possible to obtain the following corporate information on a specific company online from the database of the business registry? Name of the company', 'Types of Company Information Available Online to the Public', TRUE, 'Y', 0.1, 0.1, 'PARTIAL', '2.3.2', NULL);
INSERT INTO b_ready_questions (question_id, question_text, indicator_name, is_scored, good_practice_answer, ffp_value, sbp_value, group_logic, subcategory_id, saudi_entity_responsible) VALUES (77, 'Is it possible to obtain the following corporate information on a specific company online from the database of the business registry? Company ID', 'Types of Company Information Available Online to the Public', TRUE, 'Y', 0.1, 0.1, 'PARTIAL', '2.3.2', NULL);
INSERT INTO b_ready_questions (question_id, question_text, indicator_name, is_scored, good_practice_answer, ffp_value, sbp_value, group_logic, subcategory_id, saudi_entity_responsible) VALUES (78, 'Is it possible to obtain the following corporate information on a specific company online from the database of the business registry? Name of company’s directors', 'Types of Company Information Available Online to the Public', TRUE, 'Y', 0.1, 0.1, 'PARTIAL', '2.3.2', NULL);
INSERT INTO b_ready_questions (question_id, question_text, indicator_name, is_scored, good_practice_answer, ffp_value, sbp_value, group_logic, subcategory_id, saudi_entity_responsible) VALUES (79, 'Is it possible to obtain the following corporate information on a specific company online from the database of the business registry? Name of company’s shareholders', 'Types of Company Information Available Online to the Public', TRUE, 'Y', 0.1, 0.1, 'PARTIAL', '2.3.2', NULL);
INSERT INTO b_ready_questions (question_id, question_text, indicator_name, is_scored, good_practice_answer, ffp_value, sbp_value, group_logic, subcategory_id, saudi_entity_responsible) VALUES (80, 'Is it possible to obtain the following corporate information on a specific company online from the database of the business registry? Name of company’s beneficial owners', 'Types of Company Information Available Online to the Public', TRUE, 'Y', 0.1, 0.1, 'PARTIAL', '2.3.2', NULL);
INSERT INTO b_ready_questions (question_id, question_text, indicator_name, is_scored, good_practice_answer, ffp_value, sbp_value, group_logic, subcategory_id, saudi_entity_responsible) VALUES (81, 'Is it possible to obtain the following corporate information on a specific company online from the database of the business registry? Year of company’s incorporation', 'Types of Company Information Available Online to the Public', TRUE, 'Y', 0.1, 0.1, 'PARTIAL', '2.3.2', NULL);
INSERT INTO b_ready_questions (question_id, question_text, indicator_name, is_scored, good_practice_answer, ffp_value, sbp_value, group_logic, subcategory_id, saudi_entity_responsible) VALUES (82, 'Is it possible to obtain the following corporate information on a specific company online from the database of the business registry? Company’s annual financial accounts', 'Types of Company Information Available Online to the Public', TRUE, 'Y', 0.1, 0.1, 'PARTIAL', '2.3.2', NULL);
INSERT INTO b_ready_questions (question_id, question_text, indicator_name, is_scored, good_practice_answer, ffp_value, sbp_value, group_logic, subcategory_id, saudi_entity_responsible) VALUES (83, 'Is it possible to obtain the following corporate information on a specific company online from the database of the business registry? Company’s legal address', 'Types of Company Information Available Online to the Public', TRUE, 'Y', 0.1, 0.1, 'PARTIAL', '2.3.2', NULL);
INSERT INTO b_ready_questions (question_id, question_text, indicator_name, is_scored, good_practice_answer, ffp_value, sbp_value, group_logic, subcategory_id, saudi_entity_responsible) VALUES (84, 'Is it possible to obtain the following corporate information on a specific company online from the database of the business registry? Company’s physical address', 'Types of Company Information Available Online to the Public', TRUE, 'Y', 0.1, 0.1, 'PARTIAL', '2.3.2', NULL);
INSERT INTO b_ready_questions (question_id, question_text, indicator_name, is_scored, good_practice_answer, ffp_value, sbp_value, group_logic, subcategory_id, saudi_entity_responsible) VALUES (85, 'Is it possible to obtain the following corporate information on a specific company online from the database of the business registry? Company’s type of activity', 'Types of Company Information Available Online to the Public', TRUE, 'Y', 0.1, 0.1, 'PARTIAL', '2.3.2', NULL);
INSERT INTO b_ready_questions (question_id, question_text, indicator_name, is_scored, good_practice_answer, ffp_value, sbp_value, group_logic, subcategory_id, saudi_entity_responsible) VALUES (86, 'Are statistics about limited liability companies newly registered in 2023 available online to the public?', 'Statistics Publicly Available Online on Business Entry (General)', TRUE, 'Y', 1, 1, NULL, '2.3.3', NULL);
INSERT INTO b_ready_questions (question_id, question_text, indicator_name, is_scored, good_practice_answer, ffp_value, sbp_value, group_logic, subcategory_id, saudi_entity_responsible) VALUES (87, 'Are sex-disaggregated data on ownership of limited liability companies publicly available online?', 'Statistics Publicly Available Online on Business Entry (Sex- disaggregated)', TRUE, 'Y', 1, 1, NULL, '2.3.3', NULL);
INSERT INTO b_ready_questions (question_id, question_text, indicator_name, is_scored, good_practice_answer, ffp_value, sbp_value, group_logic, subcategory_id, saudi_entity_responsible) VALUES (88, 'Which of the following data are also sex-disaggregated and publicly available online? Number of female and male sole proprietors', 'Types of Sex-disaggregated Data Available Online', TRUE, 'Y', 0.33, 0.33, 'PARTIAL', '2.3.3', NULL);
INSERT INTO b_ready_questions (question_id, question_text, indicator_name, is_scored, good_practice_answer, ffp_value, sbp_value, group_logic, subcategory_id, saudi_entity_responsible) VALUES (89, 'Which of the following data are also sex-disaggregated and publicly available online? Number of female and male directors of limited liability companies', 'Types of Sex-disaggregated Data Available Online', TRUE, 'Y', 0.33, 0.33, 'PARTIAL', '2.3.3', NULL);
INSERT INTO b_ready_questions (question_id, question_text, indicator_name, is_scored, good_practice_answer, ffp_value, sbp_value, group_logic, subcategory_id, saudi_entity_responsible) VALUES (90, 'Which of the following data are also sex-disaggregated and publicly available online? Number of female and male beneficial owners', 'Types of Sex-disaggregated Data Available Online', TRUE, 'Y', 0.34, 0.34, 'PARTIAL', '2.3.3', NULL);
INSERT INTO b_ready_questions (question_id, question_text, indicator_name, is_scored, good_practice_answer, ffp_value, sbp_value, group_logic, subcategory_id, saudi_entity_responsible) VALUES (91, 'Is “Opening a Bank Account” required by law or commonly done in practice to start a domestic company?', 'Context: Opening a Bank Account', FALSE, NULL, 0, 0, NULL, '3.1.1', NULL);
INSERT INTO b_ready_questions (question_id, question_text, indicator_name, is_scored, good_practice_answer, ffp_value, sbp_value, group_logic, subcategory_id, saudi_entity_responsible) VALUES (92, 'What is the average time (in calendar days) to complete this step?', 'Context: Time for Bank Account', FALSE, NULL, 0, 0, NULL, '3.1.1', NULL);
INSERT INTO b_ready_questions (question_id, question_text, indicator_name, is_scored, good_practice_answer, ffp_value, sbp_value, group_logic, subcategory_id, saudi_entity_responsible) VALUES (93, 'What is the cost (in local currency) associated with this step?', 'Context: Cost for Bank Account', FALSE, NULL, 0, 0, NULL, '3.1.1', NULL);
INSERT INTO b_ready_questions (question_id, question_text, indicator_name, is_scored, good_practice_answer, ffp_value, sbp_value, group_logic, subcategory_id, saudi_entity_responsible) VALUES (94, 'Is “Company Name Verification” required by law or commonly done in practice to start a domestic company?', 'Context: Company Name Verification', FALSE, NULL, 0, 0, NULL, '3.1.1', NULL);
INSERT INTO b_ready_questions (question_id, question_text, indicator_name, is_scored, good_practice_answer, ffp_value, sbp_value, group_logic, subcategory_id, saudi_entity_responsible) VALUES (95, 'What is the average time (in calendar days) to complete this step?', 'Context: Time for Name Verification', FALSE, NULL, 0, 0, NULL, '3.1.1', NULL);
INSERT INTO b_ready_questions (question_id, question_text, indicator_name, is_scored, good_practice_answer, ffp_value, sbp_value, group_logic, subcategory_id, saudi_entity_responsible) VALUES (96, 'What is the cost (in local currency) associated with this step?', 'Context: Cost for Name Verification', FALSE, NULL, 0, 0, NULL, '3.1.1', NULL);
INSERT INTO b_ready_questions (question_id, question_text, indicator_name, is_scored, good_practice_answer, ffp_value, sbp_value, group_logic, subcategory_id, saudi_entity_responsible) VALUES (97, 'Is “Beneficial Ownership Registration” required by law or commonly done in practice to start a domestic company?', 'Context: BO Registration', FALSE, NULL, 0, 0, NULL, '3.1.1', NULL);
INSERT INTO b_ready_questions (question_id, question_text, indicator_name, is_scored, good_practice_answer, ffp_value, sbp_value, group_logic, subcategory_id, saudi_entity_responsible) VALUES (98, 'What is the average time (in calendar days) to complete this step?', 'Context: Time for BO Registration', FALSE, NULL, 0, 0, NULL, '3.1.1', NULL);
INSERT INTO b_ready_questions (question_id, question_text, indicator_name, is_scored, good_practice_answer, ffp_value, sbp_value, group_logic, subcategory_id, saudi_entity_responsible) VALUES (99, 'What is the cost (in local currency) associated with this step?', 'Context: Cost for BO Registration', FALSE, NULL, 0, 0, NULL, '3.1.1', NULL);
INSERT INTO b_ready_questions (question_id, question_text, indicator_name, is_scored, good_practice_answer, ffp_value, sbp_value, group_logic, subcategory_id, saudi_entity_responsible) VALUES (100, 'Are “Services of Third-Party Intermediaries” (i.e., notaries, lawyers, accountants) required by law to start a domestic company?', 'Context: Third-Party Intermediaries', FALSE, NULL, 0, 0, NULL, '3.1.1', NULL);
INSERT INTO b_ready_questions (question_id, question_text, indicator_name, is_scored, good_practice_answer, ffp_value, sbp_value, group_logic, subcategory_id, saudi_entity_responsible) VALUES (101, 'What is the average time (in calendar days) to complete this step?', 'Context: Time for Intermediaries', FALSE, NULL, 0, 0, NULL, '3.1.1', NULL);
INSERT INTO b_ready_questions (question_id, question_text, indicator_name, is_scored, good_practice_answer, ffp_value, sbp_value, group_logic, subcategory_id, saudi_entity_responsible) VALUES (102, 'What is the cost (in local currency) associated with this step?', 'Context: Cost for Intermediaries', FALSE, NULL, 0, 0, NULL, '3.1.1', NULL);
INSERT INTO b_ready_questions (question_id, question_text, indicator_name, is_scored, good_practice_answer, ffp_value, sbp_value, group_logic, subcategory_id, saudi_entity_responsible) VALUES (103, 'Is “Registration at the Business Registry” required by law or commonly done in practice to start a domestic company?', 'Context: Business Registry Registration', FALSE, NULL, 0, 0, NULL, '3.1.1', NULL);
INSERT INTO b_ready_questions (question_id, question_text, indicator_name, is_scored, good_practice_answer, ffp_value, sbp_value, group_logic, subcategory_id, saudi_entity_responsible) VALUES (104, 'What is the average time (in calendar days) to complete this step?', 'Context: Time for Business Registry', FALSE, NULL, 0, 0, NULL, '3.1.1', NULL);
INSERT INTO b_ready_questions (question_id, question_text, indicator_name, is_scored, good_practice_answer, ffp_value, sbp_value, group_logic, subcategory_id, saudi_entity_responsible) VALUES (105, 'What is the cost (in local currency) associated with this step?', 'Context: Cost for Business Registry', FALSE, NULL, 0, 0, NULL, '3.1.1', NULL);
INSERT INTO b_ready_questions (question_id, question_text, indicator_name, is_scored, good_practice_answer, ffp_value, sbp_value, group_logic, subcategory_id, saudi_entity_responsible) VALUES (106, 'Is “Tax Registration” required by law or commonly done in practice to start a domestic company?', 'Context: Tax Registration', FALSE, NULL, 0, 0, NULL, '3.1.1', NULL);
INSERT INTO b_ready_questions (question_id, question_text, indicator_name, is_scored, good_practice_answer, ffp_value, sbp_value, group_logic, subcategory_id, saudi_entity_responsible) VALUES (107, 'What is the average time (in calendar days) to complete this step?', 'Context: Time for Tax Registration', FALSE, NULL, 0, 0, NULL, '3.1.1', NULL);
INSERT INTO b_ready_questions (question_id, question_text, indicator_name, is_scored, good_practice_answer, ffp_value, sbp_value, group_logic, subcategory_id, saudi_entity_responsible) VALUES (108, 'What is the cost (in local currency) associated with this step?', 'Context: Cost for Tax Registration', FALSE, NULL, 0, 0, NULL, '3.1.1', NULL);
INSERT INTO b_ready_questions (question_id, question_text, indicator_name, is_scored, good_practice_answer, ffp_value, sbp_value, group_logic, subcategory_id, saudi_entity_responsible) VALUES (109, 'Is “Employer and/or Employee Registration” required by law or commonly done in practice to start a domestic company?', 'Context: Employee Registration', FALSE, NULL, 0, 0, NULL, '3.1.1', NULL);
INSERT INTO b_ready_questions (question_id, question_text, indicator_name, is_scored, good_practice_answer, ffp_value, sbp_value, group_logic, subcategory_id, saudi_entity_responsible) VALUES (110, 'What is the average time (in calendar days) to complete this step?', 'Context: Time for Employee Registration', FALSE, NULL, 0, 0, NULL, '3.1.1', NULL);
INSERT INTO b_ready_questions (question_id, question_text, indicator_name, is_scored, good_practice_answer, ffp_value, sbp_value, group_logic, subcategory_id, saudi_entity_responsible) VALUES (111, 'What is the cost (in local currency) associated with this step?', 'Context: Cost for Employee Registration', FALSE, NULL, 0, 0, NULL, '3.1.1', NULL);
INSERT INTO b_ready_questions (question_id, question_text, indicator_name, is_scored, good_practice_answer, ffp_value, sbp_value, group_logic, subcategory_id, saudi_entity_responsible) VALUES (112, 'Is the “Application and/or Receipt of General Operation License” required by law or commonly done in practice to start a domestic company?', 'Context: General Operation License', FALSE, NULL, 0, 0, NULL, '3.1.1', NULL);
INSERT INTO b_ready_questions (question_id, question_text, indicator_name, is_scored, good_practice_answer, ffp_value, sbp_value, group_logic, subcategory_id, saudi_entity_responsible) VALUES (113, 'What is the average time (in calendar days) to complete this step?', 'Context: Time for Operation License', FALSE, NULL, 0, 0, NULL, '3.1.1', NULL);
INSERT INTO b_ready_questions (question_id, question_text, indicator_name, is_scored, good_practice_answer, ffp_value, sbp_value, group_logic, subcategory_id, saudi_entity_responsible) VALUES (114, 'What is the cost (in local currency) associated with this step?', 'Context: Cost for Operation License', FALSE, NULL, 0, 0, NULL, '3.1.1', NULL);
INSERT INTO b_ready_questions (question_id, question_text, indicator_name, is_scored, good_practice_answer, ffp_value, sbp_value, group_logic, subcategory_id, saudi_entity_responsible) VALUES (115, 'Is there any “Additional” step(s) required by law or commonly done in practice to start a domestic company?', 'Context: Additional Steps', FALSE, NULL, 0, 0, NULL, '3.1.1', NULL);
INSERT INTO b_ready_questions (question_id, question_text, indicator_name, is_scored, good_practice_answer, ffp_value, sbp_value, group_logic, subcategory_id, saudi_entity_responsible) VALUES (116, 'What is the average time (in calendar days) to complete this step?', 'Context: Time for Additional Steps', FALSE, NULL, 0, 0, NULL, '3.1.1', NULL);
INSERT INTO b_ready_questions (question_id, question_text, indicator_name, is_scored, good_practice_answer, ffp_value, sbp_value, group_logic, subcategory_id, saudi_entity_responsible) VALUES (117, 'What is the cost (in local currency) associated with this step?', 'Context: Cost for Additional Steps', FALSE, NULL, 0, 0, NULL, '3.1.1', NULL);
INSERT INTO b_ready_questions (question_id, question_text, indicator_name, is_scored, good_practice_answer, ffp_value, sbp_value, group_logic, subcategory_id, saudi_entity_responsible) VALUES (118, 'Are any of the steps indicated above commonly completed simultaneously in practice?', 'Context: Simultaneity', FALSE, NULL, 0, 0, NULL, '3.1.1', NULL);
INSERT INTO b_ready_questions (question_id, question_text, indicator_name, is_scored, good_practice_answer, ffp_value, sbp_value, group_logic, subcategory_id, saudi_entity_responsible) VALUES (119, 'What is the total time to complete the entire company entry process for domestic companies (calendar days)?', 'Total Time to Register a New Domestic Firm', TRUE, NULL, 100, 0, 'CDF_INPUT', '3.1.1', NULL);
INSERT INTO b_ready_questions (question_id, question_text, indicator_name, is_scored, good_practice_answer, ffp_value, sbp_value, group_logic, subcategory_id, saudi_entity_responsible) VALUES (120, 'What is the total cost to complete the entire company entry process for domestic companies?', 'Total Cost to Register a New Domestic Firm', TRUE, NULL, 100, 0, 'CDF_INPUT', '3.1.2', NULL);
INSERT INTO b_ready_questions (question_id, question_text, indicator_name, is_scored, good_practice_answer, ffp_value, sbp_value, group_logic, subcategory_id, saudi_entity_responsible) VALUES (121, 'Are there any unique additional step(s) required by law or commonly done in practice for foreign companies?', 'Context: Additional Foreign Steps', FALSE, NULL, 0, 0, NULL, '3.2.1', NULL);
INSERT INTO b_ready_questions (question_id, question_text, indicator_name, is_scored, good_practice_answer, ffp_value, sbp_value, group_logic, subcategory_id, saudi_entity_responsible) VALUES (122, 'What is the average time (in calendar days) to complete the additional steps?', 'Context: Time for Additional Foreign Steps', FALSE, NULL, 0, 0, NULL, '3.2.1', NULL);
INSERT INTO b_ready_questions (question_id, question_text, indicator_name, is_scored, good_practice_answer, ffp_value, sbp_value, group_logic, subcategory_id, saudi_entity_responsible) VALUES (123, 'What is the cost (in local currency) associated with the additional steps?', 'Context: Cost for Additional Foreign Steps', FALSE, NULL, 0, 0, NULL, '3.2.1', NULL);
INSERT INTO b_ready_questions (question_id, question_text, indicator_name, is_scored, good_practice_answer, ffp_value, sbp_value, group_logic, subcategory_id, saudi_entity_responsible) VALUES (124, 'Are any of the steps you selected for domestic companies different for foreign companies in terms of their associated time and/or cost?', 'Context: Difference for Foreign Firms', FALSE, NULL, 0, 0, NULL, '3.2.1', NULL);
INSERT INTO b_ready_questions (question_id, question_text, indicator_name, is_scored, good_practice_answer, ffp_value, sbp_value, group_logic, subcategory_id, saudi_entity_responsible) VALUES (125, 'What is the total time to complete the entire company entry process for foreign companies (calendar days)?', 'Total Time to Register a New Foreign Firm', TRUE, NULL, 100, 0, 'CDF_INPUT', '3.2.1', NULL);
INSERT INTO b_ready_questions (question_id, question_text, indicator_name, is_scored, good_practice_answer, ffp_value, sbp_value, group_logic, subcategory_id, saudi_entity_responsible) VALUES (126, 'What is the total cost to complete the entire company entry process for foreign companies?', 'Total Cost to Register a New Foreign Firm', TRUE, NULL, 100, 0, 'CDF_INPUT', '3.2.2', NULL);
COMMIT;