[
  {
    "question_id": 1,
    "question_text": "Does the legislation require entrepreneurs to have the company name approved by the business registry or by another corresponding public authority in order to register a new business?",
    "subcategory_id": "1.1.1",
    "indicator_name": "Mandatory to Have the Company Name Approved",
    "is_scored": true,
    "good_practice_answer": "Y",
    "ffp_value": 0,
    "sbp_value": 0.5,
    "group_logic": "AND",
    "saudi_entity_responsible": null
  },
  {
    "question_id": 2,
    "question_text": "Does the legislation provide specific rules for rejecting proposed company names by the business registry or by another corresponding public authority?",
    "subcategory_id": "1.1.1",
    "indicator_name": "Mandatory to Have the Company Name Approved",
    "is_scored": true,
    "good_practice_answer": "Y",
    "ffp_value": 0,
    "sbp_value": 0.5,
    "group_logic": "AND",
    "saudi_entity_responsible": null
  },
  {
    "question_id": 3,
    "question_text": "Does the legislation require registering changes to the company name at the business registry or another corresponding public authority?",
    "subcategory_id": "1.1.1",
    "indicator_name": "Mandatory to Register Changes to the Company Name",
    "is_scored": true,
    "good_practice_answer": "Y",
    "ffp_value": 0,
    "sbp_value": 1,
    "group_logic": null,
    "saudi_entity_responsible": null
  },
  {
    "question_id": 4,
    "question_text": "Does the legislation require verifying the identity of the entrepreneurs willing to start a new company?",
    "subcategory_id": "1.1.1",
    "indicator_name": "Mandatory to Verify the Identity of Entrepreneurs",
    "is_scored": true,
    "good_practice_answer": "Y",
    "ffp_value": 0,
    "sbp_value": 1,
    "group_logic": null,
    "saudi_entity_responsible": null
  },
  {
    "question_id": 5,
    "question_text": "Does the legislation require registration of shareholders details at the business registry or at another corresponding public authority?",
    "subcategory_id": "1.1.1",
    "indicator_name": "Mandatory to Register Shareholders' Information",
    "is_scored": true,
    "good_practice_answer": "Y",
    "ffp_value": 0,
    "sbp_value": 1,
    "group_logic": null,
    "saudi_entity_responsible": null
  },
  {
    "question_id": 6,
    "question_text": "Does the legislation require registering changes to the shareholders’ details at the business registry or another corresponding public authority?",
    "subcategory_id": "1.1.1",
    "indicator_name": "Mandatory to Register Changes to the Shareholders' Information",
    "is_scored": true,
    "good_practice_answer": "Y",
    "ffp_value": 0,
    "sbp_value": 1,
    "group_logic": null,
    "saudi_entity_responsible": null
  },
  {
    "question_id": 7,
    "question_text": "Does the legislation require companies to file annual financial accounts or statements at the business registry or at another corresponding public authority?",
    "subcategory_id": "1.1.1",
    "indicator_name": "Mandatory to File Annual Returns/Financial Statements",
    "is_scored": true,
    "good_practice_answer": "Y",
    "ffp_value": 0,
    "sbp_value": 1,
    "group_logic": null,
    "saudi_entity_responsible": null
  },
  {
    "question_id": 8,
    "question_text": "Does the legislation require registering changes in the articles of association at the business registry or at another corresponding public authority?",
    "subcategory_id": "1.1.1",
    "indicator_name": "Mandatory to Register Changes in the Articles of Association",
    "is_scored": true,
    "good_practice_answer": "Y",
    "ffp_value": 0,
    "sbp_value": 1,
    "group_logic": null,
    "saudi_entity_responsible": null
  },
  {
    "question_id": 9,
    "question_text": "Does the legislation require new limited liability companies to register beneficial ownership information with a public authority?",
    "subcategory_id": "1.1.2",
    "indicator_name": "Mandatory to Register Beneficial Owners' Information",
    "is_scored": true,
    "good_practice_answer": "Y",
    "ffp_value": 0,
    "sbp_value": 1,
    "group_logic": null,
    "saudi_entity_responsible": null
  },
  {
    "question_id": 10,
    "question_text": "Does the legislation require companies to register the following type of information about beneficial owners? Full name",
    "subcategory_id": "1.1.2",
    "indicator_name": "Mandatory Type of Information Required for Beneficial Owners",
    "is_scored": true,
    "good_practice_answer": "Y",
    "ffp_value": 0,
    "sbp_value": 0.25,
    "group_logic": "AND",
    "saudi_entity_responsible": null
  },
  {
    "question_id": 11,
    "question_text": "Does the legislation require companies to register the following type of information about beneficial owners? Identification number and information",
    "subcategory_id": "1.1.2",
    "indicator_name": "Mandatory Type of Information Required for Beneficial Owners",
    "is_scored": true,
    "good_practice_answer": "Y",
    "ffp_value": 0,
    "sbp_value": 0.25,
    "group_logic": "AND",
    "saudi_entity_responsible": null
  },
  {
    "question_id": 12,
    "question_text": "Does the legislation require companies to register the following type of information about beneficial owners? Date of birth",
    "subcategory_id": "1.1.2",
    "indicator_name": "Mandatory Type of Information Required for Beneficial Owners",
    "is_scored": true,
    "good_practice_answer": "Y",
    "ffp_value": 0,
    "sbp_value": 0.25,
    "group_logic": "AND",
    "saudi_entity_responsible": null
  },
  {
    "question_id": 13,
    "question_text": "Does the legislation require companies to register the following type of information about beneficial owners? Address",
    "subcategory_id": "1.1.2",
    "indicator_name": "Mandatory Type of Information Required for Beneficial Owners",
    "is_scored": true,
    "good_practice_answer": "Y",
    "ffp_value": 0,
    "sbp_value": 0.25,
    "group_logic": "AND",
    "saudi_entity_responsible": null
  },
  {
    "question_id": 14,
    "question_text": "Does the legislation specify a time limit for registering the required beneficial owner information in the case of a newly registered limited liability company?",
    "subcategory_id": "1.1.2",
    "indicator_name": "Mandatory Time Limit to Register Beneficial Owners' Information",
    "is_scored": true,
    "good_practice_answer": "Y",
    "ffp_value": 0,
    "sbp_value": 1,
    "group_logic": null,
    "saudi_entity_responsible": null
  },
  {
    "question_id": 15,
    "question_text": "Does the legislation require verifying the identity of beneficial owners during the registration with a public authority?",
    "subcategory_id": "1.1.2",
    "indicator_name": "Mandatory to Verify Beneficial Owners' Identity",
    "is_scored": true,
    "good_practice_answer": "Y",
    "ffp_value": 0,
    "sbp_value": 1,
    "group_logic": null,
    "saudi_entity_responsible": null
  },
  {
    "question_id": 16,
    "question_text": "Does the legislation require registering changes to beneficial ownership information with a public authority?",
    "subcategory_id": "1.1.2",
    "indicator_name": "Mandatory to Register Changes to the Beneficial Ownership Information",
    "is_scored": true,
    "good_practice_answer": "Y",
    "ffp_value": 0,
    "sbp_value": 1,
    "group_logic": null,
    "saudi_entity_responsible": null
  },
  {
    "question_id": 17,
    "question_text": "Does the legislation allow nominee shareholders and/or directors?",
    "subcategory_id": "1.1.2",
    "indicator_name": "Prohibition or Mandatory to Register Nominee Shareholders and Directors",
    "is_scored": true,
    "good_practice_answer": "N",
    "ffp_value": 0,
    "sbp_value": 1,
    "group_logic": "OR",
    "saudi_entity_responsible": null
  },
  {
    "question_id": 18,
    "question_text": "Does the legislation require registering their status as nominee shareholders and/or directors with a public authority?",
    "subcategory_id": "1.1.2",
    "indicator_name": "Prohibition or Mandatory to Register Nominee Shareholders and Directors",
    "is_scored": true,
    "good_practice_answer": "Y",
    "ffp_value": 0,
    "sbp_value": 1,
    "group_logic": "OR",
    "saudi_entity_responsible": null
  },
  {
    "question_id": 19,
    "question_text": "Does the legislation allow entrepreneurs to register a limited liability company by themselves, using a simple standard registration form without the mandatory use of third-party intermediaries?",
    "subcategory_id": "1.1.3",
    "indicator_name": "Simple Registration Form Without the Use of Intermediaries",
    "is_scored": true,
    "good_practice_answer": "Y",
    "ffp_value": 0,
    "sbp_value": 1,
    "group_logic": null,
    "saudi_entity_responsible": null
  },
  {
    "question_id": 20,
    "question_text": "Does the legislation allow the use of such simple standard registration forms for all entrepreneurs and limited liability companies performing general commercial or industry activities – regardless of the size of the company, country of origin of the founders, etc. – to register a company by themselves without the mandatory use of third-party intermediaries?",
    "subcategory_id": "1.1.3",
    "indicator_name": "Simple Registration Form for All Entrepreneurs",
    "is_scored": true,
    "good_practice_answer": "Y",
    "ffp_value": 0,
    "sbp_value": 1,
    "group_logic": null,
    "saudi_entity_responsible": null
  },
  {
    "question_id": 21,
    "question_text": "Does the legislation allow entrepreneurs to make updates to company statutory information by themselves (e.g., through online forms for updates), without the mandatory use of third-party intermediaries?",
    "subcategory_id": "1.1.3",
    "indicator_name": "Changes without the Use of Intermediaries",
    "is_scored": true,
    "good_practice_answer": "Y",
    "ffp_value": 0,
    "sbp_value": 0.5,
    "group_logic": "AND",
    "saudi_entity_responsible": null
  },
  {
    "question_id": 22,
    "question_text": "Does the legislation allow all entrepreneurs and limited liability companies performing general commercial or industry activity - regardless of the size of the company, country of origin of the founders, etc. - to make updates to company statutory information by themselves, without the mandatory use of third-party intermediaries?",
    "subcategory_id": "1.1.3",
    "indicator_name": "Changes without the Use of Intermediaries",
    "is_scored": true,
    "good_practice_answer": "Y",
    "ffp_value": 0,
    "sbp_value": 0.5,
    "group_logic": "AND",
    "saudi_entity_responsible": null
  },
  {
    "question_id": 23,
    "question_text": "Does the legislation provide for different business operating licensing requirements depending on the level of risk of the company operations?",
    "subcategory_id": "1.1.4",
    "indicator_name": "Risk-Based Regulations for Business Licensing",
    "is_scored": true,
    "good_practice_answer": "Y",
    "ffp_value": 1,
    "sbp_value": 1,
    "group_logic": null,
    "saudi_entity_responsible": null
  },
  {
    "question_id": 24,
    "question_text": "Does the legislation provide for different environmental operating licensing requirements depending on the level of risk of the company?",
    "subcategory_id": "1.1.4",
    "indicator_name": "Risk-Based Regulations for Environmental Licensing",
    "is_scored": true,
    "good_practice_answer": "Y",
    "ffp_value": 1,
    "sbp_value": 1,
    "group_logic": null,
    "saudi_entity_responsible": null
  },
  {
    "question_id": 25,
    "question_text": "Does the legislation require a mandated paid-in minimum capital for private limited liability companies owned by domestic entrepreneurs?",
    "subcategory_id": "1.2.1",
    "indicator_name": "Paid-in Minimum Capital Requirements for Domestic Firms",
    "is_scored": true,
    "good_practice_answer": "N",
    "ffp_value": 1,
    "sbp_value": 0,
    "group_logic": null,
    "saudi_entity_responsible": null
  },
  {
    "question_id": 26,
    "question_text": "Does the legislation require domestic entrepreneurs to pay the entirety of the mandated paid-in minimum capital for private limited liability companies prior to registration?",
    "subcategory_id": "1.2.1",
    "indicator_name": "Entirety of Paid-in Minimum Capital Prior to Registration of Domestic Firms",
    "is_scored": true,
    "good_practice_answer": "N",
    "ffp_value": 1,
    "sbp_value": 0,
    "group_logic": null,
    "saudi_entity_responsible": null
  },
  {
    "question_id": 27,
    "question_text": "Does the legislation require any minimum education or training for an entrepreneur to register a limited liability company and begin general business operations?",
    "subcategory_id": "1.2.1",
    "indicator_name": "Minimum Education or Training",
    "is_scored": true,
    "good_practice_answer": "N",
    "ffp_value": 1,
    "sbp_value": 0,
    "group_logic": null,
    "saudi_entity_responsible": null
  },
  {
    "question_id": 28,
    "question_text": "Does the legislation require criminal history records or affidavits from an entrepreneur to register a limited liability company and begin general business operations?",
    "subcategory_id": "1.2.1",
    "indicator_name": "Criminal History Records or Affidavits",
    "is_scored": true,
    "good_practice_answer": "N",
    "ffp_value": 1,
    "sbp_value": 0,
    "group_logic": null,
    "saudi_entity_responsible": null
  },
  {
    "question_id": 29,
    "question_text": "Does the legislation require approval of business plan, feasibility plan, or financial plan for an entrepreneur to register a limited liability company and begin general business operations?",
    "subcategory_id": "1.2.1",
    "indicator_name": "Approval of Business Plan, Feasibility Plan, or Financial Plan",
    "is_scored": true,
    "good_practice_answer": "N",
    "ffp_value": 1,
    "sbp_value": 0,
    "group_logic": null,
    "saudi_entity_responsible": null
  },
  {
    "question_id": 30,
    "question_text": "Does the legislation require a general business operating license to be obtained for an entrepreneur to register a limited liability company and begin general business operations?",
    "subcategory_id": "1.2.1",
    "indicator_name": "General Operating License",
    "is_scored": true,
    "good_practice_answer": "N",
    "ffp_value": 1,
    "sbp_value": 0,
    "group_logic": null,
    "saudi_entity_responsible": null
  },
  {
    "question_id": 31,
    "question_text": "Does the legislation mandate specific requirements for domestic entrepreneurs from different sociodemographic groups (e.g., ethnicity/race, gender, migration status, religious affiliation) who wish to register a company?",
    "subcategory_id": "1.2.1",
    "indicator_name": "Sociodemographic Restrictions for Domestic Entrepreneurs",
    "is_scored": true,
    "good_practice_answer": "N",
    "ffp_value": 0.5,
    "sbp_value": 0.5,
    "group_logic": "AND",
    "saudi_entity_responsible": null
  },
  {
    "question_id": 32,
    "question_text": "Does the legislation mandate specific requirements for domestic entrepreneurs from different sociodemographic groups (e.g., ethnicity/race, gender, migration status, religious affiliation) who wish to open a bank account?",
    "subcategory_id": "1.2.1",
    "indicator_name": "Sociodemographic Restrictions for Domestic Entrepreneurs",
    "is_scored": true,
    "good_practice_answer": "N",
    "ffp_value": 0.5,
    "sbp_value": 0.5,
    "group_logic": "AND",
    "saudi_entity_responsible": null
  },
  {
    "question_id": 33,
    "question_text": "Does the legislation limit full private domestic participation/equity ownership in any business sector?",
    "subcategory_id": "1.2.1",
    "indicator_name": "Sector-Specific Restrictions for Domestic Entrepreneurs",
    "is_scored": true,
    "good_practice_answer": "N",
    "ffp_value": 1,
    "sbp_value": 0,
    "group_logic": null,
    "saudi_entity_responsible": null
  },
  {
    "question_id": 34,
    "question_text": "Does the legislation require a mandated paid-in minimum capital requirement for foreign private limited liability companies owned by foreign entrepreneurs?",
    "subcategory_id": "1.2.2",
    "indicator_name": "Paid-in Minimum Capital Requirements for Foreign Firms",
    "is_scored": true,
    "good_practice_answer": "N",
    "ffp_value": 1,
    "sbp_value": 0,
    "group_logic": null,
    "saudi_entity_responsible": null
  },
  {
    "question_id": 35,
    "question_text": "Does the legislation require foreign entrepreneurs to pay the entirety of the mandated paid-in minimum capital for private limited liability companies prior to registration?",
    "subcategory_id": "1.2.2",
    "indicator_name": "Entirety of Paid-in Minimum Capital Prior to Registration of Foreign Firms",
    "is_scored": true,
    "good_practice_answer": "N",
    "ffp_value": 1,
    "sbp_value": 0,
    "group_logic": null,
    "saudi_entity_responsible": null
  },
  {
    "question_id": 36,
    "question_text": "Does the legislation impose limitations on the proportion of shares that can be held in a company for foreign entrepreneurs?",
    "subcategory_id": "1.2.2",
    "indicator_name": "Ownership and Participation Restrictions",
    "is_scored": true,
    "good_practice_answer": "N",
    "ffp_value": 0.5,
    "sbp_value": 0,
    "group_logic": "PARTIAL",
    "saudi_entity_responsible": null
  },
  {
    "question_id": 37,
    "question_text": "Does the legislation impose limitations on the number of joint ventures for foreign entrepreneurs?",
    "subcategory_id": "1.2.2",
    "indicator_name": "Ownership and Participation Restrictions",
    "is_scored": true,
    "good_practice_answer": "N",
    "ffp_value": 0.5,
    "sbp_value": 0,
    "group_logic": "PARTIAL",
    "saudi_entity_responsible": null
  },
  {
    "question_id": 38,
    "question_text": "Does the legislation require investment screening or approval by government authority for foreign entrepreneurs, different from domestic entrepreneurs?",
    "subcategory_id": "1.2.2",
    "indicator_name": "Screening and Approval Requirements",
    "is_scored": true,
    "good_practice_answer": "N",
    "ffp_value": 0.5,
    "sbp_value": 0,
    "group_logic": "PARTIAL",
    "saudi_entity_responsible": null
  },
  {
    "question_id": 39,
    "question_text": "Does the legislation require minimum size of investment for foreign entrepreneurs, different from the threshold for domestic entrepreneurs?",
    "subcategory_id": "1.2.2",
    "indicator_name": "Screening and Approval Requirements",
    "is_scored": true,
    "good_practice_answer": "N",
    "ffp_value": 0.5,
    "sbp_value": 0,
    "group_logic": "PARTIAL",
    "saudi_entity_responsible": null
  },
  {
    "question_id": 40,
    "question_text": "Does the legislation have any requirement about the nationality of the management for companies owned by foreign entrepreneurs?",
    "subcategory_id": "1.2.2",
    "indicator_name": "Restrictions on the Nationality of Key Personnel and Directors",
    "is_scored": true,
    "good_practice_answer": "N",
    "ffp_value": 0.5,
    "sbp_value": 0,
    "group_logic": "PARTIAL",
    "saudi_entity_responsible": null
  },
  {
    "question_id": 41,
    "question_text": "Does the legislation have any requirement about the nationality of the board members for companies owned by foreign entrepreneurs?",
    "subcategory_id": "1.2.2",
    "indicator_name": "Restrictions on the Nationality of Key Personnel and Directors",
    "is_scored": true,
    "good_practice_answer": "N",
    "ffp_value": 0.5,
    "sbp_value": 0,
    "group_logic": "PARTIAL",
    "saudi_entity_responsible": null
  },
  {
    "question_id": 42,
    "question_text": "Does the legislation impose restrictions on hiring foreign nationals?",
    "subcategory_id": "1.2.2",
    "indicator_name": "Restrictions on Employment of Foreign and Local Personnel",
    "is_scored": true,
    "good_practice_answer": "N",
    "ffp_value": 0.5,
    "sbp_value": 0,
    "group_logic": "PARTIAL",
    "saudi_entity_responsible": null
  },
  {
    "question_id": 43,
    "question_text": "Does the legislation require minimum number or percentage of national employees?",
    "subcategory_id": "1.2.2",
    "indicator_name": "Restrictions on Employment of Foreign and Local Personnel",
    "is_scored": true,
    "good_practice_answer": "N",
    "ffp_value": 0.5,
    "sbp_value": 0,
    "group_logic": "PARTIAL",
    "saudi_entity_responsible": null
  },
  {
    "question_id": 44,
    "question_text": "Does the legislation require foreign entrepreneurs to have a local partner?",
    "subcategory_id": "1.2.2",
    "indicator_name": "Local Engagement Requirements",
    "is_scored": true,
    "good_practice_answer": "N",
    "ffp_value": 0.5,
    "sbp_value": 0,
    "group_logic": "PARTIAL",
    "saudi_entity_responsible": null
  },
  {
    "question_id": 45,
    "question_text": "Does the legislation impose local sourcing requirements for foreign entrepreneurs?",
    "subcategory_id": "1.2.2",
    "indicator_name": "Local Engagement Requirements",
    "is_scored": true,
    "good_practice_answer": "N",
    "ffp_value": 0.5,
    "sbp_value": 0,
    "group_logic": "PARTIAL",
    "saudi_entity_responsible": null
  },
  {
    "question_id": 46,
    "question_text": "Does the legislation impose limitations on dividend distribution for foreign entrepreneurs?",
    "subcategory_id": "1.2.2",
    "indicator_name": "Financial Restrictions",
    "is_scored": true,
    "good_practice_answer": "N",
    "ffp_value": 0.5,
    "sbp_value": 0,
    "group_logic": "PARTIAL",
    "saudi_entity_responsible": null
  },
  {
    "question_id": 47,
    "question_text": "Does the legislation impose restrictions on holding a foreign currency commercial bank account?",
    "subcategory_id": "1.2.2",
    "indicator_name": "Financial Restrictions",
    "is_scored": true,
    "good_practice_answer": "N",
    "ffp_value": 0.5,
    "sbp_value": 0,
    "group_logic": "PARTIAL",
    "saudi_entity_responsible": null
  },
  {
    "question_id": 48,
    "question_text": "Does the legislation limit full private foreign participation/equity ownership in any business sector?",
    "subcategory_id": "1.2.2",
    "indicator_name": "Sector-Specific Restrictions for Foreign Entrepreneurs",
    "is_scored": true,
    "good_practice_answer": "N",
    "ffp_value": 1,
    "sbp_value": 0,
    "group_logic": null,
    "saudi_entity_responsible": null
  },
  {
    "question_id": 49,
    "question_text": "Does an electronic and automated system to verify the uniqueness and compliance of company names exist?",
    "subcategory_id": "2.1.1",
    "indicator_name": "Electronic Company Name Verification",
    "is_scored": true,
    "good_practice_answer": "Y",
    "ffp_value": 1,
    "sbp_value": 1,
    "group_logic": null,
    "saudi_entity_responsible": null
  },
  {
    "question_id": 50,
    "question_text": "Does an electronic system that covers the entire company registration process from submitting the application to receiving the company documents exist?",
    "subcategory_id": "2.1.1",
    "indicator_name": "Entirely Electronic Company Registration Process",
    "is_scored": true,
    "good_practice_answer": "Y",
    "ffp_value": 1,
    "sbp_value": 1,
    "group_logic": null,
    "saudi_entity_responsible": null
  },
  {
    "question_id": 51,
    "question_text": "Is there a fully electronic system for companies to update their company statutory information?",
    "subcategory_id": "2.1.1",
    "indicator_name": "Electronic Update of Company Information",
    "is_scored": true,
    "good_practice_answer": "Y",
    "ffp_value": 1,
    "sbp_value": 1,
    "group_logic": null,
    "saudi_entity_responsible": null
  },
  {
    "question_id": 52,
    "question_text": "Does a fully electronic platform to register and update information on beneficial owners exist?",
    "subcategory_id": "2.1.1",
    "indicator_name": "Electronic Registration and Update of Beneficial Ownership Information",
    "is_scored": true,
    "good_practice_answer": "Y",
    "ffp_value": 1,
    "sbp_value": 1,
    "group_logic": null,
    "saudi_entity_responsible": null
  },
  {
    "question_id": 53,
    "question_text": "Does an electronic payment option for all fees related to company incorporation exist?",
    "subcategory_id": "2.1.1",
    "indicator_name": "Electronic Payment of Incorporation Fees",
    "is_scored": true,
    "good_practice_answer": "Y",
    "ffp_value": 1,
    "sbp_value": 1,
    "group_logic": null,
    "saudi_entity_responsible": null
  },
  {
    "question_id": 54,
    "question_text": "Does the business registry issue the certificate of company incorporation fully electronically?",
    "subcategory_id": "2.1.1",
    "indicator_name": "Electronic Issuance of Company Incorporation Certificate",
    "is_scored": true,
    "good_practice_answer": "Y",
    "ffp_value": 1,
    "sbp_value": 1,
    "group_logic": null,
    "saudi_entity_responsible": null
  },
  {
    "question_id": 55,
    "question_text": "Does the business registry store all company registration records in digital form?",
    "subcategory_id": "2.1.2",
    "indicator_name": "Company Information Records Digitally Stored",
    "is_scored": true,
    "good_practice_answer": "Y",
    "ffp_value": 1,
    "sbp_value": 1,
    "group_logic": null,
    "saudi_entity_responsible": null
  },
  {
    "question_id": 56,
    "question_text": "Is the publicly available company information database at the business registry fully electronic?",
    "subcategory_id": "2.1.2",
    "indicator_name": "Database on Company Information",
    "is_scored": true,
    "good_practice_answer": "Y",
    "ffp_value": 0.33,
    "sbp_value": 0.33,
    "group_logic": "AND",
    "saudi_entity_responsible": null
  },
  {
    "question_id": 57,
    "question_text": "Is the publicly available company information database at the business registry centralized with full national coverage?",
    "subcategory_id": "2.1.2",
    "indicator_name": "Database on Company Information",
    "is_scored": true,
    "good_practice_answer": "Y",
    "ffp_value": 0.33,
    "sbp_value": 0.33,
    "group_logic": "AND",
    "saudi_entity_responsible": null
  },
  {
    "question_id": 58,
    "question_text": "Does the publicly available company information database at the business registry cover all types of limited liability companies (i.e., regardless of the business activity, size of the company, country of origin of the founders, etc.)?",
    "subcategory_id": "2.1.2",
    "indicator_name": "Database on Company Information",
    "is_scored": true,
    "good_practice_answer": "Y",
    "ffp_value": 0.34,
    "sbp_value": 0.34,
    "group_logic": "AND",
    "saudi_entity_responsible": null
  },
  {
    "question_id": 59,
    "question_text": "Is the publicly available beneficial ownership database fully electronic?",
    "subcategory_id": "2.1.2",
    "indicator_name": "Database on Beneficial Ownership",
    "is_scored": true,
    "good_practice_answer": "Y",
    "ffp_value": 0.33,
    "sbp_value": 0.33,
    "group_logic": "AND",
    "saudi_entity_responsible": null
  },
  {
    "question_id": 60,
    "question_text": "Is the publicly available beneficial ownership database centralized with full national coverage?",
    "subcategory_id": "2.1.2",
    "indicator_name": "Database on Beneficial Ownership",
    "is_scored": true,
    "good_practice_answer": "Y",
    "ffp_value": 0.33,
    "sbp_value": 0.33,
    "group_logic": "AND",
    "saudi_entity_responsible": null
  },
  {
    "question_id": 61,
    "question_text": "Does the publicly available beneficial ownership database cover all types of limited liability companies (i.e., regardless of the business activity, size of the company, country of origin of the founders, etc.)?",
    "subcategory_id": "2.1.2",
    "indicator_name": "Database on Beneficial Ownership",
    "is_scored": true,
    "good_practice_answer": "Y",
    "ffp_value": 0.34,
    "sbp_value": 0.34,
    "group_logic": "AND",
    "saudi_entity_responsible": null
  },
  {
    "question_id": 62,
    "question_text": "Is an electronic signature or another electronic form of authentication identification available for online company registration?",
    "subcategory_id": "2.1.3",
    "indicator_name": "Availability of Electronic Signature and Authentication",
    "is_scored": true,
    "good_practice_answer": "Y",
    "ffp_value": 1,
    "sbp_value": 1,
    "group_logic": null,
    "saudi_entity_responsible": null
  },
  {
    "question_id": 63,
    "question_text": "Is there an electronic and fully automated process to verify the identity of entrepreneurs at the moment of company registration?",
    "subcategory_id": "2.1.3",
    "indicator_name": "Electronic Identity Verification Process",
    "is_scored": true,
    "good_practice_answer": "Y",
    "ffp_value": 0.5,
    "sbp_value": 0.5,
    "group_logic": "PARTIAL",
    "saudi_entity_responsible": null
  },
  {
    "question_id": 64,
    "question_text": "Is there an electronic and fully automated process to verify the identity of beneficial owners during beneficial ownership registration?",
    "subcategory_id": "2.1.3",
    "indicator_name": "Electronic Identity Verification Process",
    "is_scored": true,
    "good_practice_answer": "Y",
    "ffp_value": 0.5,
    "sbp_value": 0.5,
    "group_logic": "PARTIAL",
    "saudi_entity_responsible": null
  },
  {
    "question_id": 65,
    "question_text": "Do key public authorities for business entry exchange company information (e.g., company name or address) automatically and electronically?",
    "subcategory_id": "2.2.1",
    "indicator_name": "Exchange of Information among Public Sector Agencies",
    "is_scored": true,
    "good_practice_answer": "Y",
    "ffp_value": 1,
    "sbp_value": 1,
    "group_logic": null,
    "saudi_entity_responsible": null
  },
  {
    "question_id": 66,
    "question_text": "Are changes to company information (e.g., changes to company name or address) automatically updated for key public authorities for business entry?",
    "subcategory_id": "2.2.1",
    "indicator_name": "Update of Company Information Fully Automated",
    "is_scored": true,
    "good_practice_answer": "Y",
    "ffp_value": 1,
    "sbp_value": 1,
    "group_logic": null,
    "saudi_entity_responsible": null
  },
  {
    "question_id": 67,
    "question_text": "Does the business registry or another corresponding public authority assign a Unique Business Identification number (UBI) for all companies?",
    "subcategory_id": "2.2.2",
    "indicator_name": "Unique Business Identification Number Existence",
    "is_scored": true,
    "good_practice_answer": "Y",
    "ffp_value": 1,
    "sbp_value": 1,
    "group_logic": null,
    "saudi_entity_responsible": null
  },
  {
    "question_id": 68,
    "question_text": "Do key public authorities for business entry use the same UBI to identify individual businesses without issuing a separate identification number?",
    "subcategory_id": "2.2.2",
    "indicator_name": "Unique Business Identification Number Used by Key Agencies",
    "is_scored": true,
    "good_practice_answer": "Y",
    "ffp_value": 1,
    "sbp_value": 1,
    "group_logic": null,
    "saudi_entity_responsible": null
  },
  {
    "question_id": 69,
    "question_text": "Is the list of documents required to incorporate a limited liability company available online for the general public?",
    "subcategory_id": "2.3.1",
    "indicator_name": "Online Availability of the List of Documents",
    "is_scored": true,
    "good_practice_answer": "Y",
    "ffp_value": 1,
    "sbp_value": 1,
    "group_logic": null,
    "saudi_entity_responsible": null
  },
  {
    "question_id": 70,
    "question_text": "Is the list of all fees associated with company incorporation at the business registry available online for the general public?",
    "subcategory_id": "2.3.1",
    "indicator_name": "Online Availability of the List of Fees",
    "is_scored": true,
    "good_practice_answer": "Y",
    "ffp_value": 1,
    "sbp_value": 1,
    "group_logic": null,
    "saudi_entity_responsible": null
  },
  {
    "question_id": 71,
    "question_text": "Are service standards for company incorporation at the business registry available online for the general public?",
    "subcategory_id": "2.3.1",
    "indicator_name": "Online Availability of the Service Standards",
    "is_scored": true,
    "good_practice_answer": "Y",
    "ffp_value": 1,
    "sbp_value": 1,
    "group_logic": null,
    "saudi_entity_responsible": null
  },
  {
    "question_id": 72,
    "question_text": "Is there a publicly accessible online list detailing which business activities require environmental operating permits for business entry?",
    "subcategory_id": "2.3.1",
    "indicator_name": "Online Availability of the Environmental-Related Requirements",
    "is_scored": true,
    "good_practice_answer": "Y",
    "ffp_value": 1,
    "sbp_value": 1,
    "group_logic": null,
    "saudi_entity_responsible": null
  },
  {
    "question_id": 73,
    "question_text": "Is information on publicly funded programs to support small and medium limited liability companies publicly available online?",
    "subcategory_id": "2.3.1",
    "indicator_name": "Online Availability of the Information on Publicly Funded Programs to Support SMEs and Women Entrepreneurs",
    "is_scored": true,
    "good_practice_answer": "Y",
    "ffp_value": 0.5,
    "sbp_value": 0.5,
    "group_logic": "PARTIAL",
    "saudi_entity_responsible": null
  },
  {
    "question_id": 74,
    "question_text": "Is information on publicly funded programs to support women-owned small and medium limited liability companies publicly available online?",
    "subcategory_id": "2.3.1",
    "indicator_name": "Online Availability of the Information on Publicly Funded Programs to Support SMEs and Women Entrepreneurs",
    "is_scored": true,
    "good_practice_answer": "Y",
    "ffp_value": 0.5,
    "sbp_value": 0.5,
    "group_logic": "PARTIAL",
    "saudi_entity_responsible": null
  },
  {
    "question_id": 75,
    "question_text": "Is electronic search available for company records at the business registry’s website?",
    "subcategory_id": "2.3.2",
    "indicator_name": "Electronic Search Available for All Company Records",
    "is_scored": true,
    "good_practice_answer": "Y",
    "ffp_value": 1,
    "sbp_value": 1,
    "group_logic": null,
    "saudi_entity_responsible": null
  },
  {
    "question_id": 76,
    "question_text": "Is it possible to obtain the following corporate information on a specific company online from the database of the business registry? Name of the company",
    "subcategory_id": "2.3.2",
    "indicator_name": "Types of Company Information Available Online to the Public",
    "is_scored": true,
    "good_practice_answer": "Y",
    "ffp_value": 0.1,
    "sbp_value": 0.1,
    "group_logic": "PARTIAL",
    "saudi_entity_responsible": null
  },
  {
    "question_id": 77,
    "question_text": "Is it possible to obtain the following corporate information on a specific company online from the database of the business registry? Company ID",
    "subcategory_id": "2.3.2",
    "indicator_name": "Types of Company Information Available Online to the Public",
    "is_scored": true,
    "good_practice_answer": "Y",
    "ffp_value": 0.1,
    "sbp_value": 0.1,
    "group_logic": "PARTIAL",
    "saudi_entity_responsible": null
  },
  {
    "question_id": 78,
    "question_text": "Is it possible to obtain the following corporate information on a specific company online from the database of the business registry? Name of company’s directors",
    "subcategory_id": "2.3.2",
    "indicator_name": "Types of Company Information Available Online to the Public",
    "is_scored": true,
    "good_practice_answer": "Y",
    "ffp_value": 0.1,
    "sbp_value": 0.1,
    "group_logic": "PARTIAL",
    "saudi_entity_responsible": null
  },
  {
    "question_id": 79,
    "question_text": "Is it possible to obtain the following corporate information on a specific company online from the database of the business registry? Name of company’s shareholders",
    "subcategory_id": "2.3.2",
    "indicator_name": "Types of Company Information Available Online to the Public",
    "is_scored": true,
    "good_practice_answer": "Y",
    "ffp_value": 0.1,
    "sbp_value": 0.1,
    "group_logic": "PARTIAL",
    "saudi_entity_responsible": null
  },
  {
    "question_id": 80,
    "question_text": "Is it possible to obtain the following corporate information on a specific company online from the database of the business registry? Name of company’s beneficial owners",
    "subcategory_id": "2.3.2",
    "indicator_name": "Types of Company Information Available Online to the Public",
    "is_scored": true,
    "good_practice_answer": "Y",
    "ffp_value": 0.1,
    "sbp_value": 0.1,
    "group_logic": "PARTIAL",
    "saudi_entity_responsible": null
  },
  {
    "question_id": 81,
    "question_text": "Is it possible to obtain the following corporate information on a specific company online from the database of the business registry? Year of company’s incorporation",
    "subcategory_id": "2.3.2",
    "indicator_name": "Types of Company Information Available Online to the Public",
    "is_scored": true,
    "good_practice_answer": "Y",
    "ffp_value": 0.1,
    "sbp_value": 0.1,
    "group_logic": "PARTIAL",
    "saudi_entity_responsible": null
  },
  {
    "question_id": 82,
    "question_text": "Is it possible to obtain the following corporate information on a specific company online from the database of the business registry? Company’s annual financial accounts",
    "subcategory_id": "2.3.2",
    "indicator_name": "Types of Company Information Available Online to the Public",
    "is_scored": true,
    "good_practice_answer": "Y",
    "ffp_value": 0.1,
    "sbp_value": 0.1,
    "group_logic": "PARTIAL",
    "saudi_entity_responsible": null
  },
  {
    "question_id": 83,
    "question_text": "Is it possible to obtain the following corporate information on a specific company online from the database of the business registry? Company’s legal address",
    "subcategory_id": "2.3.2",
    "indicator_name": "Types of Company Information Available Online to the Public",
    "is_scored": true,
    "good_practice_answer": "Y",
    "ffp_value": 0.1,
    "sbp_value": 0.1,
    "group_logic": "PARTIAL",
    "saudi_entity_responsible": null
  },
  {
    "question_id": 84,
    "question_text": "Is it possible to obtain the following corporate information on a specific company online from the database of the business registry? Company’s physical address",
    "subcategory_id": "2.3.2",
    "indicator_name": "Types of Company Information Available Online to the Public",
    "is_scored": true,
    "good_practice_answer": "Y",
    "ffp_value": 0.1,
    "sbp_value": 0.1,
    "group_logic": "PARTIAL",
    "saudi_entity_responsible": null
  },
  {
    "question_id": 85,
    "question_text": "Is it possible to obtain the following corporate information on a specific company online from the database of the business registry? Company’s type of activity",
    "subcategory_id": "2.3.2",
    "indicator_name": "Types of Company Information Available Online to the Public",
    "is_scored": true,
    "good_practice_answer": "Y",
    "ffp_value": 0.1,
    "sbp_value": 0.1,
    "group_logic": "PARTIAL",
    "saudi_entity_responsible": null
  },
  {
    "question_id": 86,
    "question_text": "Are statistics about limited liability companies newly registered in 2023 available online to the public?",
    "subcategory_id": "2.3.3",
    "indicator_name": "Statistics Publicly Available Online on Business Entry (General)",
    "is_scored": true,
    "good_practice_answer": "Y",
    "ffp_value": 1,
    "sbp_value": 1,
    "group_logic": null,
    "saudi_entity_responsible": null
  },
  {
    "question_id": 87,
    "question_text": "Are sex-disaggregated data on ownership of limited liability companies publicly available online?",
    "subcategory_id": "2.3.3",
    "indicator_name": "Statistics Publicly Available Online on Business Entry (Sex- disaggregated)",
    "is_scored": true,
    "good_practice_answer": "Y",
    "ffp_value": 1,
    "sbp_value": 1,
    "group_logic": null,
    "saudi_entity_responsible": null
  },
  {
    "question_id": 88,
    "question_text": "Which of the following data are also sex-disaggregated and publicly available online? Number of female and male sole proprietors",
    "subcategory_id": "2.3.3",
    "indicator_name": "Types of Sex-disaggregated Data Available Online",
    "is_scored": true,
    "good_practice_answer": "Y",
    "ffp_value": 0.33,
    "sbp_value": 0.33,
    "group_logic": "PARTIAL",
    "saudi_entity_responsible": null
  },
  {
    "question_id": 89,
    "question_text": "Which of the following data are also sex-disaggregated and publicly available online? Number of female and male directors of limited liability companies",
    "subcategory_id": "2.3.3",
    "indicator_name": "Types of Sex-disaggregated Data Available Online",
    "is_scored": true,
    "good_practice_answer": "Y",
    "ffp_value": 0.33,
    "sbp_value": 0.33,
    "group_logic": "PARTIAL",
    "saudi_entity_responsible": null
  },
  {
    "question_id": 90,
    "question_text": "Which of the following data are also sex-disaggregated and publicly available online? Number of female and male beneficial owners",
    "subcategory_id": "2.3.3",
    "indicator_name": "Types of Sex-disaggregated Data Available Online",
    "is_scored": true,
    "good_practice_answer": "Y",
    "ffp_value": 0.34,
    "sbp_value": 0.34,
    "group_logic": "PARTIAL",
    "saudi_entity_responsible": null
  },
  {
    "question_id": 91,
    "question_text": "Is “Opening a Bank Account” required by law or commonly done in practice to start a domestic company?",
    "subcategory_id": "3.1.1",
    "indicator_name": "Context: Opening a Bank Account",
    "is_scored": false,
    "good_practice_answer": null,
    "ffp_value": 0,
    "sbp_value": 0,
    "group_logic": null,
    "saudi_entity_responsible": null
  },
  {
    "question_id": 92,
    "question_text": "What is the average time (in calendar days) to complete this step?",
    "subcategory_id": "3.1.1",
    "indicator_name": "Context: Time for Bank Account",
    "is_scored": false,
    "good_practice_answer": null,
    "ffp_value": 0,
    "sbp_value": 0,
    "group_logic": null,
    "saudi_entity_responsible": null
  },
  {
    "question_id": 93,
    "question_text": "What is the cost (in local currency) associated with this step?",
    "subcategory_id": "3.1.1",
    "indicator_name": "Context: Cost for Bank Account",
    "is_scored": false,
    "good_practice_answer": null,
    "ffp_value": 0,
    "sbp_value": 0,
    "group_logic": null,
    "saudi_entity_responsible": null
  },
  {
    "question_id": 94,
    "question_text": "Is “Company Name Verification” required by law or commonly done in practice to start a domestic company?",
    "subcategory_id": "3.1.1",
    "indicator_name": "Context: Company Name Verification",
    "is_scored": false,
    "good_practice_answer": null,
    "ffp_value": 0,
    "sbp_value": 0,
    "group_logic": null,
    "saudi_entity_responsible": null
  },
  {
    "question_id": 95,
    "question_text": "What is the average time (in calendar days) to complete this step?",
    "subcategory_id": "3.1.1",
    "indicator_name": "Context: Time for Name Verification",
    "is_scored": false,
    "good_practice_answer": null,
    "ffp_value": 0,
    "sbp_value": 0,
    "group_logic": null,
    "saudi_entity_responsible": null
  },
  {
    "question_id": 96,
    "question_text": "What is the cost (in local currency) associated with this step?",
    "subcategory_id": "3.1.1",
    "indicator_name": "Context: Cost for Name Verification",
    "is_scored": false,
    "good_practice_answer": null,
    "ffp_value": 0,
    "sbp_value": 0,
    "group_logic": null,
    "saudi_entity_responsible": null
  },
  {
    "question_id": 97,
    "question_text": "Is “Beneficial Ownership Registration” required by law or commonly done in practice to start a domestic company?",
    "subcategory_id": "3.1.1",
    "indicator_name": "Context: BO Registration",
    "is_scored": false,
    "good_practice_answer": null,
    "ffp_value": 0,
    "sbp_value": 0,
    "group_logic": null,
    "saudi_entity_responsible": null
  },
  {
    "question_id": 98,
    "question_text": "What is the average time (in calendar days) to complete this step?",
    "subcategory_id": "3.1.1",
    "indicator_name": "Context: Time for BO Registration",
    "is_scored": false,
    "good_practice_answer": null,
    "ffp_value": 0,
    "sbp_value": 0,
    "group_logic": null,
    "saudi_entity_responsible": null
  },
  {
    "question_id": 99,
    "question_text": "What is the cost (in local currency) associated with this step?",
    "subcategory_id": "3.1.1",
    "indicator_name": "Context: Cost for BO Registration",
    "is_scored": false,
    "good_practice_answer": null,
    "ffp_value": 0,
    "sbp_value": 0,
    "group_logic": null,
    "saudi_entity_responsible": null
  },
  {
    "question_id": 100,
    "question_text": "Are “Services of Third-Party Intermediaries” (i.e., notaries, lawyers, accountants) required by law to start a domestic company?",
    "subcategory_id": "3.1.1",
    "indicator_name": "Context: Third-Party Intermediaries",
    "is_scored": false,
    "good_practice_answer": null,
    "ffp_value": 0,
    "sbp_value": 0,
    "group_logic": null,
    "saudi_entity_responsible": null
  },
  {
    "question_id": 101,
    "question_text": "What is the average time (in calendar days) to complete this step?",
    "subcategory_id": "3.1.1",
    "indicator_name": "Context: Time for Intermediaries",
    "is_scored": false,
    "good_practice_answer": null,
    "ffp_value": 0,
    "sbp_value": 0,
    "group_logic": null,
    "saudi_entity_responsible": null
  },
  {
    "question_id": 102,
    "question_text": "What is the cost (in local currency) associated with this step?",
    "subcategory_id": "3.1.1",
    "indicator_name": "Context: Cost for Intermediaries",
    "is_scored": false,
    "good_practice_answer": null,
    "ffp_value": 0,
    "sbp_value": 0,
    "group_logic": null,
    "saudi_entity_responsible": null
  },
  {
    "question_id": 103,
    "question_text": "Is “Registration at the Business Registry” required by law or commonly done in practice to start a domestic company?",
    "subcategory_id": "3.1.1",
    "indicator_name": "Context: Business Registry Registration",
    "is_scored": false,
    "good_practice_answer": null,
    "ffp_value": 0,
    "sbp_value": 0,
    "group_logic": null,
    "saudi_entity_responsible": null
  },
  {
    "question_id": 104,
    "question_text": "What is the average time (in calendar days) to complete this step?",
    "subcategory_id": "3.1.1",
    "indicator_name": "Context: Time for Business Registry",
    "is_scored": false,
    "good_practice_answer": null,
    "ffp_value": 0,
    "sbp_value": 0,
    "group_logic": null,
    "saudi_entity_responsible": null
  },
  {
    "question_id": 105,
    "question_text": "What is the cost (in local currency) associated with this step?",
    "subcategory_id": "3.1.1",
    "indicator_name": "Context: Cost for Business Registry",
    "is_scored": false,
    "good_practice_answer": null,
    "ffp_value": 0,
    "sbp_value": 0,
    "group_logic": null,
    "saudi_entity_responsible": null
  },
  {
    "question_id": 106,
    "question_text": "Is “Tax Registration” required by law or commonly done in practice to start a domestic company?",
    "subcategory_id": "3.1.1",
    "indicator_name": "Context: Tax Registration",
    "is_scored": false,
    "good_practice_answer": null,
    "ffp_value": 0,
    "sbp_value": 0,
    "group_logic": null,
    "saudi_entity_responsible": null
  },
  {
    "question_id": 107,
    "question_text": "What is the average time (in calendar days) to complete this step?",
    "subcategory_id": "3.1.1",
    "indicator_name": "Context: Time for Tax Registration",
    "is_scored": false,
    "good_practice_answer": null,
    "ffp_value": 0,
    "sbp_value": 0,
    "group_logic": null,
    "saudi_entity_responsible": null
  },
  {
    "question_id": 108,
    "question_text": "What is the cost (in local currency) associated with this step?",
    "subcategory_id": "3.1.1",
    "indicator_name": "Context: Cost for Tax Registration",
    "is_scored": false,
    "good_practice_answer": null,
    "ffp_value": 0,
    "sbp_value": 0,
    "group_logic": null,
    "saudi_entity_responsible": null
  },
  {
    "question_id": 109,
    "question_text": "Is “Employer and/or Employee Registration” required by law or commonly done in practice to start a domestic company?",
    "subcategory_id": "3.1.1",
    "indicator_name": "Context: Employee Registration",
    "is_scored": false,
    "good_practice_answer": null,
    "ffp_value": 0,
    "sbp_value": 0,
    "group_logic": null,
    "saudi_entity_responsible": null
  },
  {
    "question_id": 110,
    "question_text": "What is the average time (in calendar days) to complete this step?",
    "subcategory_id": "3.1.1",
    "indicator_name": "Context: Time for Employee Registration",
    "is_scored": false,
    "good_practice_answer": null,
    "ffp_value": 0,
    "sbp_value": 0,
    "group_logic": null,
    "saudi_entity_responsible": null
  },
  {
    "question_id": 111,
    "question_text": "What is the cost (in local currency) associated with this step?",
    "subcategory_id": "3.1.1",
    "indicator_name": "Context: Cost for Employee Registration",
    "is_scored": false,
    "good_practice_answer": null,
    "ffp_value": 0,
    "sbp_value": 0,
    "group_logic": null,
    "saudi_entity_responsible": null
  },
  {
    "question_id": 112,
    "question_text": "Is the “Application and/or Receipt of General Operation License” required by law or commonly done in practice to start a domestic company?",
    "subcategory_id": "3.1.1",
    "indicator_name": "Context: General Operation License",
    "is_scored": false,
    "good_practice_answer": null,
    "ffp_value": 0,
    "sbp_value": 0,
    "group_logic": null,
    "saudi_entity_responsible": null
  },
  {
    "question_id": 113,
    "question_text": "What is the average time (in calendar days) to complete this step?",
    "subcategory_id": "3.1.1",
    "indicator_name": "Context: Time for Operation License",
    "is_scored": false,
    "good_practice_answer": null,
    "ffp_value": 0,
    "sbp_value": 0,
    "group_logic": null,
    "saudi_entity_responsible": null
  },
  {
    "question_id": 114,
    "question_text": "What is the cost (in local currency) associated with this step?",
    "subcategory_id": "3.1.1",
    "indicator_name": "Context: Cost for Operation License",
    "is_scored": false,
    "good_practice_answer": null,
    "ffp_value": 0,
    "sbp_value": 0,
    "group_logic": null,
    "saudi_entity_responsible": null
  },
  {
    "question_id": 115,
    "question_text": "Is there any “Additional” step(s) required by law or commonly done in practice to start a domestic company?",
    "subcategory_id": "3.1.1",
    "indicator_name": "Context: Additional Steps",
    "is_scored": false,
    "good_practice_answer": null,
    "ffp_value": 0,
    "sbp_value": 0,
    "group_logic": null,
    "saudi_entity_responsible": null
  },
  {
    "question_id": 116,
    "question_text": "What is the average time (in calendar days) to complete this step?",
    "subcategory_id": "3.1.1",
    "indicator_name": "Context: Time for Additional Steps",
    "is_scored": false,
    "good_practice_answer": null,
    "ffp_value": 0,
    "sbp_value": 0,
    "group_logic": null,
    "saudi_entity_responsible": null
  },
  {
    "question_id": 117,
    "question_text": "What is the cost (in local currency) associated with this step?",
    "subcategory_id": "3.1.1",
    "indicator_name": "Context: Cost for Additional Steps",
    "is_scored": false,
    "good_practice_answer": null,
    "ffp_value": 0,
    "sbp_value": 0,
    "group_logic": null,
    "saudi_entity_responsible": null
  },
  {
    "question_id": 118,
    "question_text": "Are any of the steps indicated above commonly completed simultaneously in practice?",
    "subcategory_id": "3.1.1",
    "indicator_name": "Context: Simultaneity",
    "is_scored": false,
    "good_practice_answer": null,
    "ffp_value": 0,
    "sbp_value": 0,
    "group_logic": null,
    "saudi_entity_responsible": null
  },
  {
    "question_id": 119,
    "question_text": "What is the total time to complete the entire company entry process for domestic companies (calendar days)?",
    "subcategory_id": "3.1.1",
    "indicator_name": "Total Time to Register a New Domestic Firm",
    "is_scored": true,
    "good_practice_answer": null,
    "ffp_value": 100,
    "sbp_value": 0,
    "group_logic": "CDF_INPUT",
    "saudi_entity_responsible": null
  },
  {
    "question_id": 120,
    "question_text": "What is the total cost to complete the entire company entry process for domestic companies?",
    "subcategory_id": "3.1.2",
    "indicator_name": "Total Cost to Register a New Domestic Firm",
    "is_scored": true,
    "good_practice_answer": null,
    "ffp_value": 100,
    "sbp_value": 0,
    "group_logic": "CDF_INPUT",
    "saudi_entity_responsible": null
  },
  {
    "question_id": 121,
    "question_text": "Are there any unique additional step(s) required by law or commonly done in practice for foreign companies?",
    "subcategory_id": "3.2.1",
    "indicator_name": "Context: Additional Foreign Steps",
    "is_scored": false,
    "good_practice_answer": null,
    "ffp_value": 0,
    "sbp_value": 0,
    "group_logic": null,
    "saudi_entity_responsible": null
  },
  {
    "question_id": 122,
    "question_text": "What is the average time (in calendar days) to complete the additional steps?",
    "subcategory_id": "3.2.1",
    "indicator_name": "Context: Time for Additional Foreign Steps",
    "is_scored": false,
    "good_practice_answer": null,
    "ffp_value": 0,
    "sbp_value": 0,
    "group_logic": null,
    "saudi_entity_responsible": null
  },
  {
    "question_id": 123,
    "question_text": "What is the cost (in local currency) associated with the additional steps?",
    "subcategory_id": "3.2.1",
    "indicator_name": "Context: Cost for Additional Foreign Steps",
    "is_scored": false,
    "good_practice_answer": null,
    "ffp_value": 0,
    "sbp_value": 0,
    "group_logic": null,
    "saudi_entity_responsible": null
  },
  {
    "question_id": 124,
    "question_text": "Are any of the steps you selected for domestic companies different for foreign companies in terms of their associated time and/or cost?",
    "subcategory_id": "3.2.1",
    "indicator_name": "Context: Difference for Foreign Firms",
    "is_scored": false,
    "good_practice_answer": null,
    "ffp_value": 0,
    "sbp_value": 0,
    "group_logic": null,
    "saudi_entity_responsible": null
  },
  {
    "question_id": 125,
    "question_text": "What is the total time to complete the entire company entry process for foreign companies (calendar days)?",
    "subcategory_id": "3.2.1",
    "indicator_name": "Total Time to Register a New Foreign Firm",
    "is_scored": true,
    "good_practice_answer": null,
    "ffp_value": 100,
    "sbp_value": 0,
    "group_logic": "CDF_INPUT",
    "saudi_entity_responsible": null
  },
  {
    "question_id": 126,
    "question_text": "What is the total cost to complete the entire company entry process for foreign companies?",
    "subcategory_id": "3.2.2",
    "indicator_name": "Total Cost to Register a New Foreign Firm",
    "is_scored": true,
    "good_practice_answer": null,
    "ffp_value": 100,
    "sbp_value": 0,
    "group_logic": "CDF_INPUT",
    "saudi_entity_responsible": null
  }
]